City_ID,City,Country,Date,Lat,Lng,Max Temp,Humidity,Cloudiness,Wind Speed
0,Tchollire,CM,2021-07-31 18:35:46,8.4022,14.1698,70.36,96,100,1.59
1,Bluff,NZ,2021-07-31 18:32:11,-46.6,168.3333,47.8,95,100,6.13
2,Yellowknife,CA,2021-07-31 18:32:09,62.456,-114.3525,78.33,60,20,1.01
3,Vaini,TO,2021-07-31 18:35:46,-21.2,-175.2,71.76,88,90,13.8
4,Atuona,PF,2021-07-31 18:35:46,-9.8,-139.0333,76.64,71,50,12.57
5,Busselton,AU,2021-07-31 18:35:47,-33.65,115.3333,51.08,70,74,30.29
6,Sisimiut,GL,2021-07-31 18:31:09,66.9395,-53.6735,49.37,75,12,9.22
7,Hermanus,ZA,2021-07-31 18:32:14,-34.4187,19.2345,56.89,78,100,2.75
8,East London,ZA,2021-07-31 18:35:47,-33.0153,27.9116,66.22,43,100,7.05
9,Rikitea,PF,2021-07-31 18:35:47,-23.1203,-134.9692,70.61,72,7,10.85
10,Kupang,ID,2021-07-31 18:35:48,-10.1667,123.5833,75.38,85,5,9.01
11,Samarai,PG,2021-07-31 18:35:48,-10.6167,150.6667,78.1,66,92,15.75
12,Jamestown,US,2021-07-31 18:31:11,42.097,-79.2353,73.18,56,40,5.99
13,Nabire,ID,2021-07-31 18:35:48,-3.3667,135.4833,75.25,91,83,2.51
14,Hithadhoo,MV,2021-07-31 18:35:49,-0.6,73.0833,81.52,71,83,4.16
15,Coahuayana,MX,2021-07-31 18:32:18,18.7333,-103.6833,90.88,51,84,4.74
16,Kapaa,US,2021-07-31 18:32:09,22.0752,-159.319,82.38,72,75,3.0
17,Paracuru,BR,2021-07-31 18:31:13,-3.41,-39.0306,86.02,62,26,14.9
18,Avera,US,2021-07-31 18:32:25,33.194,-82.5271,95.68,46,100,6.04
19,Butaritari,KI,2021-07-31 18:35:49,3.0707,172.7902,80.87,76,15,5.06
20,Chokurdakh,RU,2021-07-31 18:35:50,70.6333,147.9167,36.66,82,100,20.36
21,Tankhoy,RU,2021-07-31 18:35:50,51.5528,105.1306,58.39,94,100,4.79
22,Mar Del Plata,AR,2021-07-31 18:35:50,-38.0023,-57.5575,55.42,26,0,7.0
23,Barrow,US,2021-07-31 18:31:33,71.2906,-156.7887,46.42,94,90,13.8
24,Naryan-Mar,RU,2021-07-31 18:35:51,67.6713,53.087,56.26,73,100,8.97
25,Omboue,GA,2021-07-31 18:35:51,-1.5746,9.2618,75.36,75,33,10.78
26,Hilo,US,2021-07-31 18:33:06,19.7297,-155.09,77.79,89,90,4.61
27,Hobart,AU,2021-07-31 18:32:27,-42.8794,147.3294,50.25,65,9,3.0
28,Cape Town,ZA,2021-07-31 18:35:51,-33.9258,18.4232,58.26,90,70,4.61
29,Haines Junction,CA,2021-07-31 18:35:52,60.7522,-137.5108,66.15,52,8,2.3
30,Qaanaaq,GL,2021-07-31 18:35:52,77.484,-69.3632,43.02,83,93,3.24
31,Ribeira Grande,PT,2021-07-31 18:35:52,38.5167,-28.7,77.4,69,20,12.66
32,Bend,US,2021-07-31 18:34:47,44.0582,-121.3153,82.87,47,40,5.01
33,Lebu,CL,2021-07-31 18:32:00,-37.6167,-73.65,51.94,65,0,15.39
34,Neryungri,RU,2021-07-31 18:35:53,56.6709,124.6491,45.0,81,100,3.56
35,Kadyy,RU,2021-07-31 18:35:53,57.787,43.1903,65.19,58,7,7.02
36,Carbondale,US,2021-07-31 18:35:53,37.7273,-89.2168,82.74,82,90,0.0
37,Port Alfred,ZA,2021-07-31 18:32:32,-33.5906,26.891,66.79,45,100,4.88
38,Puerto Ayora,EC,2021-07-31 18:31:14,-0.7393,-90.3518,75.16,85,41,5.99
39,Korcula,HR,2021-07-31 18:35:54,42.9622,17.1369,93.76,65,0,4.5
40,Natal,BR,2021-07-31 18:32:07,-5.795,-35.2094,86.22,58,40,21.85
41,Grindavik,IS,2021-07-31 18:35:54,63.8424,-22.4338,55.35,94,90,12.66
42,Mayo,US,2021-07-31 18:35:54,38.8876,-76.5119,85.21,54,10,3.0
43,Oxford,GB,2021-07-31 18:35:55,51.7522,-1.256,64.76,88,40,5.75
44,Olhao,PT,2021-07-31 18:35:55,37.0286,-7.8411,78.69,38,0,21.85
45,Verkhovazhye,RU,2021-07-31 18:35:55,60.7472,42.0465,55.13,95,25,8.05
46,Ostrovnoy,RU,2021-07-31 18:32:29,68.0531,39.5131,46.96,93,100,6.02
47,Severo-Kurilsk,RU,2021-07-31 18:35:56,50.6789,156.125,53.38,97,100,3.47
48,Hambantota,LK,2021-07-31 18:35:56,6.1241,81.1185,80.94,89,20,8.05
49,Kapoeta,SS,2021-07-31 18:35:56,4.7717,33.5903,76.32,66,100,3.47
50,Geraldton,AU,2021-07-31 18:31:12,-28.7667,114.6,61.12,63,75,13.8
51,Inirida,CO,2021-07-31 18:35:57,3.8653,-67.9239,76.42,81,100,3.76
52,Arraial Do Cabo,BR,2021-07-31 18:35:57,-22.9661,-42.0278,67.96,94,90,5.75
53,Thompson,CA,2021-07-31 18:35:57,55.7435,-97.8558,73.56,40,75,11.5
54,Itoman,JP,2021-07-31 18:35:58,26.1247,127.6694,82.42,92,75,12.66
55,Kastamonu,TR,2021-07-31 18:35:58,41.5,33.6667,60.1,67,0,3.13
56,Ulvik,NO,2021-07-31 18:35:58,60.5672,6.9187,67.59,72,47,5.17
57,Bedele,ET,2021-07-31 18:35:58,8.456,36.353,55.42,99,100,1.36
58,Castro,BR,2021-07-31 18:35:59,-24.7911,-50.0119,56.82,53,91,7.65
59,Ewa Beach,US,2021-07-31 18:35:22,21.3156,-158.0072,80.55,62,20,15.01
60,Jatiroto,ID,2021-07-31 18:35:59,-7.8833,111.1167,71.33,90,84,4.16
61,Ponta Do Sol,PT,2021-07-31 18:35:59,32.6667,-17.1,74.12,65,2,7.47
62,Babat,ID,2021-07-31 18:36:00,-7.1128,112.1635,73.78,87,74,6.58
63,Okha,RU,2021-07-31 18:32:07,53.5739,142.9478,51.13,80,100,3.09
64,Bredasdorp,ZA,2021-07-31 18:36:00,-34.5322,20.0403,50.29,93,100,2.3
65,Aban,RU,2021-07-31 18:36:00,56.67,96.06,53.53,89,91,4.23
66,Nikolskoye,RU,2021-07-31 18:36:01,59.7035,30.7861,68.81,65,93,3.2
67,Xuddur,SO,2021-07-31 18:36:01,4.1213,43.8894,78.64,38,100,21.47
68,Albany,US,2021-07-31 18:35:15,42.6001,-73.9662,73.45,49,100,8.05
69,Tiarei,PF,2021-07-31 18:36:01,-17.5333,-149.3333,77.02,61,80,13.38
70,Punta Arenas,CL,2021-07-31 18:36:02,-53.15,-70.9167,41.11,60,0,11.5
71,Barzas,RU,2021-07-31 18:36:02,55.7167,86.3167,62.83,74,100,4.5
72,Leningradskiy,RU,2021-07-31 18:36:02,69.3833,178.4167,33.1,89,100,13.11
73,Vipperod,DK,2021-07-31 18:36:03,55.6677,11.7397,63.81,89,100,1.01
74,Hudson Bay,CA,2021-07-31 18:36:03,52.85,-102.3842,81.46,25,7,6.71
75,Coihaique,CL,2021-07-31 18:31:47,-45.5752,-72.0662,42.75,52,0,3.44
76,Avarua,CK,2021-07-31 18:36:03,-21.2078,-159.775,75.25,69,93,17.27
77,Ancud,CL,2021-07-31 18:36:04,-41.8697,-73.8203,49.53,62,94,3.0
78,Krasnyy Profintern,RU,2021-07-31 18:36:04,57.7446,40.435,68.02,56,92,8.39
79,Fortuna,US,2021-07-31 18:33:23,40.5982,-124.1573,88.41,86,1,11.5
80,Yantal,RU,2021-07-31 18:36:04,56.8471,105.2542,56.82,96,100,2.3
81,Matamoros,MX,2021-07-31 18:36:04,25.5333,-103.25,89.71,38,40,0.0
82,Waipawa,NZ,2021-07-31 18:31:35,-41.4122,175.5153,43.43,92,100,3.24
83,Pevek,RU,2021-07-31 18:36:05,69.7008,170.3133,35.46,81,78,0.74
84,Vestmanna,FO,2021-07-31 18:36:05,62.1564,-7.1664,49.12,76,75,12.66
85,Eyl,SO,2021-07-31 18:36:05,7.9803,49.8164,76.33,79,9,21.05
86,Sao Joao Da Barra,BR,2021-07-31 18:36:06,-21.6403,-41.0511,66.29,64,100,11.68
87,Ewo,CG,2021-07-31 18:36:06,-0.8725,14.8206,87.01,35,73,0.81
88,Albacete,ES,2021-07-31 18:36:06,38.8333,-2.0,79.61,24,0,21.85
89,Port Lincoln,AU,2021-07-31 18:36:07,-34.7333,135.8667,49.39,78,3,8.97
90,Gao,ML,2021-07-31 18:36:07,16.6362,1.637,97.25,31,33,6.26
91,Nadym,RU,2021-07-31 18:36:07,65.5333,72.5167,49.23,76,10,8.79
92,Scottsbluff,US,2021-07-31 18:36:08,41.8666,-103.6672,76.32,73,90,4.0
93,Lahij,YE,2021-07-31 18:36:08,13.1667,44.5833,84.36,62,6,0.51
94,Ushuaia,AR,2021-07-31 18:36:08,-54.8,-68.3,46.06,49,75,17.27
95,Sanford,US,2021-07-31 18:36:08,28.8006,-81.2731,96.3,59,40,4.0
96,Dikson,RU,2021-07-31 18:36:09,73.5069,80.5464,43.03,93,100,11.86
97,Bani,DO,2021-07-31 18:36:09,18.2833,-70.3333,85.86,59,3,16.93
98,Bethel,US,2021-07-31 18:36:09,41.3712,-73.414,76.89,53,20,3.44
99,Orbetello,IT,2021-07-31 18:32:41,42.4408,11.2196,87.62,88,90,5.75
100,Leshukonskoye,RU,2021-07-31 18:33:07,64.8989,45.7622,54.81,98,100,4.32
101,Kisangani,CD,2021-07-31 18:36:10,0.5167,25.2,78.24,69,100,1.97
102,Vanimo,PG,2021-07-31 18:33:48,-2.6741,141.3028,76.41,89,45,4.72
103,Cacu,BR,2021-07-31 18:36:10,-18.5567,-51.1308,85.14,15,18,3.6
104,Saskylakh,RU,2021-07-31 18:36:11,71.9167,114.0833,65.17,40,0,8.48
105,Churapcha,RU,2021-07-31 18:36:11,62.0025,132.4325,54.63,64,1,4.63
106,Beira,MZ,2021-07-31 18:36:11,-19.8436,34.8389,71.69,83,20,6.91
107,Kodiak,US,2021-07-31 18:36:11,57.79,-152.4072,51.31,87,90,6.91
108,Clyde River,CA,2021-07-31 18:36:12,70.4692,-68.5914,44.83,81,75,8.05
109,Mount Isa,AU,2021-07-31 18:36:12,-20.7333,139.5,67.77,49,90,0.0
110,Souillac,MU,2021-07-31 18:32:47,-20.5167,57.5167,70.18,73,20,13.8
111,Coquimbo,CL,2021-07-31 18:34:05,-29.9533,-71.3436,56.93,71,20,12.66
112,Yumen,CN,2021-07-31 18:36:12,40.2833,97.2,78.57,19,100,22.39
113,Vila Velha,BR,2021-07-31 18:36:13,-20.3297,-40.2925,73.96,70,75,18.41
114,Tasiilaq,GL,2021-07-31 18:36:13,65.6145,-37.6368,57.36,77,55,2.68
115,Belaya,UA,2021-07-31 18:36:13,49.029,25.7706,75.97,59,6,6.55
116,Antofagasta,CL,2021-07-31 18:34:50,-23.65,-70.4,66.22,65,19,10.33
117,Novopokrovka,UA,2021-07-31 18:36:14,49.8425,36.5477,80.98,49,53,4.47
118,Rocha,UY,2021-07-31 18:36:14,-34.4833,-54.3333,57.51,58,0,4.94
119,Levelland,US,2021-07-31 18:36:14,33.5873,-102.378,94.19,30,46,7.85
120,Port Elizabeth,ZA,2021-07-31 18:36:15,-33.918,25.5701,59.09,71,40,5.75
121,Atyrau,KZ,2021-07-31 18:36:15,47.1167,51.8833,77.02,25,0,6.71
122,Bubaque,GW,2021-07-31 18:36:15,11.2833,-15.8333,77.58,90,100,17.36
123,Junagarh,IN,2021-07-31 18:36:16,19.8667,82.9333,75.69,88,100,5.61
124,Monrovia,LR,2021-07-31 18:36:16,6.3005,-10.7969,73.17,86,76,11.99
125,Fort Nelson,CA,2021-07-31 18:36:16,58.8053,-122.7002,76.59,50,1,3.44
126,Neijiang,CN,2021-07-31 18:36:17,29.5835,105.0622,73.47,74,0,5.53
127,Tura,IN,2021-07-31 18:36:17,25.5198,90.2201,74.3,98,100,5.1
128,New Norfolk,AU,2021-07-31 18:36:17,-42.7826,147.0587,49.91,72,12,1.01
129,South Sioux City,US,2021-07-31 18:36:17,42.4739,-96.4136,78.75,57,1,9.22
130,Camacha,PT,2021-07-31 18:36:18,33.0833,-16.3333,71.02,64,40,16.11
131,Sakaiminato,JP,2021-07-31 18:36:18,35.55,133.2333,75.18,88,75,1.14
132,Adrar,MR,2021-07-31 18:33:46,20.5022,-10.0711,101.34,19,58,7.14
133,Port Augusta,AU,2021-07-31 18:36:18,-32.5,137.7667,52.7,88,100,3.8
134,Mocuba,MZ,2021-07-31 18:36:19,-16.8392,36.9856,63.48,97,7,3.83
135,Gayeri,BF,2021-07-31 18:36:19,12.6497,0.4931,78.76,78,98,13.35
136,Narsaq,GL,2021-07-31 18:36:19,60.9167,-46.05,66.42,67,15,4.34
137,Pisco,PE,2021-07-31 18:36:20,-13.7,-76.2167,66.02,77,75,10.36
138,Mitsamiouli,KM,2021-07-31 18:36:20,-11.3847,43.2844,77.09,72,0,5.19
139,Farafangana,MG,2021-07-31 18:36:20,-22.8167,47.8333,66.43,68,8,4.99
140,Provideniya,RU,2021-07-31 18:36:20,64.3833,-173.3,45.63,85,100,3.09
141,Inta,RU,2021-07-31 18:36:21,66.0317,60.1659,54.7,60,100,11.23
142,Codrington,AU,2021-07-31 18:33:55,-38.2667,141.9667,42.35,91,93,8.28
143,Dingle,PH,2021-07-31 18:32:45,10.9995,122.6711,78.1,87,96,6.89
144,Kontagora,NG,2021-07-31 18:36:21,10.3999,5.4695,74.98,85,90,1.92
145,Kavieng,PG,2021-07-31 18:36:22,-2.5744,150.7967,80.87,75,44,5.97
146,Zemio,CF,2021-07-31 18:36:22,5.0314,25.1361,69.24,97,100,3.15
147,Tateyama,JP,2021-07-31 18:36:22,34.9833,139.8667,81.01,83,18,1.92
148,Cherskiy,RU,2021-07-31 18:36:22,68.75,161.3,41.52,92,100,14.56
149,Georgetown,MY,2021-07-31 18:36:23,5.4112,100.3354,78.73,94,40,8.01
150,Grand Gaube,MU,2021-07-31 18:36:23,-20.0064,57.6608,70.2,71,0,3.0
151,Mahebourg,MU,2021-07-31 18:36:23,-20.4081,57.7,70.09,73,20,13.8
152,Marrakesh,MA,2021-07-31 18:31:28,31.6315,-8.0083,91.47,27,0,12.66
153,Bambous Virieux,MU,2021-07-31 18:36:24,-20.3428,57.7575,70.05,73,20,13.8
154,Price,US,2021-07-31 18:36:24,39.5994,-110.8107,79.72,57,1,6.91
155,Svetlogorsk,BY,2021-07-31 18:36:24,52.6333,29.7333,68.88,83,100,9.33
156,Saint-Pierre,RE,2021-07-31 18:36:25,-21.3393,55.4781,69.48,69,0,19.57
157,Hofn,IS,2021-07-31 18:36:25,64.2539,-15.2082,50.09,87,45,11.03
158,Urucara,BR,2021-07-31 18:36:25,-2.5364,-57.76,92.75,35,80,5.14
159,Khatanga,RU,2021-07-31 18:32:15,71.9667,102.5,69.08,37,100,11.79
160,Aklavik,CA,2021-07-31 18:36:26,68.2191,-135.0107,74.12,41,93,5.7
161,Constantine,DZ,2021-07-31 18:36:26,36.365,6.6147,90.81,25,75,10.36
162,Tokmak,UA,2021-07-31 18:34:36,47.2514,35.7058,75.54,55,0,5.61
163,Teluk Nibung,ID,2021-07-31 18:34:42,3.001,99.8164,76.57,88,100,3.22
164,Naze,JP,2021-07-31 18:36:26,28.3667,129.4833,78.78,84,99,8.55
165,Labuhan,ID,2021-07-31 18:36:27,-6.8844,112.2051,75.63,84,72,7.07
166,Tuktoyaktuk,CA,2021-07-31 18:32:44,69.4541,-133.0374,62.6,82,75,18.41
167,Chapais,CA,2021-07-31 18:32:46,49.7834,-74.8492,60.58,36,82,7.34
168,Comarapa,BO,2021-07-31 18:36:27,-17.9,-64.4833,61.92,51,28,8.75
169,Santa Maria,BR,2021-07-31 18:32:45,-29.6842,-53.8069,61.9,51,0,8.05
170,Eregli,TR,2021-07-31 18:36:27,37.5133,34.0467,73.74,31,0,6.31
171,Ixtapa,MX,2021-07-31 18:36:28,20.7,-105.2,85.23,74,90,2.3
172,Esperance,AU,2021-07-31 18:36:28,-33.8667,121.9,48.04,72,8,28.81
173,Qaqortoq,GL,2021-07-31 18:36:28,60.7167,-46.0333,66.7,79,34,4.29
174,Hurghada,EG,2021-07-31 18:36:29,27.2574,33.8129,93.24,31,0,1.14
175,Westport,US,2021-07-31 18:36:29,41.1415,-73.3579,78.75,52,20,1.99
176,Derzhavinsk,KZ,2021-07-31 18:36:29,51.1,66.3167,69.85,78,100,7.74
177,Nishihara,JP,2021-07-31 18:36:29,26.1842,127.7558,81.68,95,75,9.22
178,Victoria,HK,2021-07-31 18:33:59,22.2855,114.1577,86.38,92,97,8.01
179,Najran,SA,2021-07-31 18:36:30,17.4924,44.1277,88.45,41,63,14.47
180,Komsomolskiy,UZ,2021-07-31 18:36:30,40.4272,71.7189,83.12,36,99,4.61
181,La Ronge,CA,2021-07-31 18:36:30,55.1001,-105.2842,75.45,35,20,4.61
182,Xinyu,CN,2021-07-31 18:33:02,27.8043,114.9334,77.77,86,9,1.61
183,Tuatapere,NZ,2021-07-31 18:36:31,-46.1333,167.6833,47.82,97,100,4.23
184,Elk City,US,2021-07-31 18:36:31,35.412,-99.4043,96.78,40,1,4.61
185,Krasnyy Chikoy,RU,2021-07-31 18:36:31,50.3643,108.7512,55.33,96,75,2.19
186,Kahului,US,2021-07-31 18:34:15,20.8947,-156.47,81.97,67,20,17.27
187,San Carlos,VE,2021-07-31 18:36:32,9.6612,-68.5827,85.14,63,69,5.1
188,Nova Olinda Do Norte,BR,2021-07-31 18:36:32,-3.8881,-59.0942,94.95,28,41,2.98
189,Longyearbyen,SJ,2021-07-31 18:36:32,78.2186,15.6401,46.24,66,75,12.66
190,Oktyabrskoye,RU,2021-07-31 18:36:33,43.0645,44.7417,66.34,88,86,2.24
191,Norman Wells,CA,2021-07-31 18:36:33,65.282,-126.8329,75.24,53,75,2.3
192,Nandi,IN,2021-07-31 18:36:33,13.3855,77.6984,72.82,78,62,14.14
193,San Ramon,US,2021-07-31 18:33:00,37.7799,-121.978,86.4,50,1,5.01
194,Wakkanai,JP,2021-07-31 18:36:34,45.4094,141.6739,68.68,92,100,25.39
195,San Cristobal,VE,2021-07-31 18:36:34,7.7669,-72.225,86.18,49,90,8.63
196,Road Town,VG,2021-07-31 18:31:48,18.4167,-64.6167,87.21,74,40,10.36
197,Hasaki,JP,2021-07-31 18:36:35,35.7333,140.8333,75.6,91,80,9.44
198,Joshimath,IN,2021-07-31 18:36:35,30.5667,79.5667,71.6,90,89,1.07
199,Kruisfontein,ZA,2021-07-31 18:36:35,-34.0033,24.7314,56.88,62,13,1.12
200,Bardiyah,LY,2021-07-31 18:36:36,31.7561,25.0865,81.43,77,0,18.61
201,Hamilton,US,2021-07-31 18:35:30,39.1834,-84.5333,80.24,71,75,1.99
202,Skjervoy,NO,2021-07-31 18:36:36,70.0311,20.9714,45.99,80,100,5.44
203,Ranapur,IN,2021-07-31 18:36:36,22.65,74.5333,76.08,88,100,19.35
204,Khiri Mat,TH,2021-07-31 18:36:37,16.8333,99.8,84.87,68,100,10.71
205,Kijini,TZ,2021-07-31 18:36:37,-5.85,39.3167,78.53,83,11,12.59
206,Ghanzi,BW,2021-07-31 18:36:37,-21.5667,21.7833,54.91,32,0,8.52
207,Caibarien,CU,2021-07-31 18:36:37,22.5206,-79.4669,92.52,72,8,11.12
208,Griffith,US,2021-07-31 18:36:38,41.5284,-87.4237,80.1,59,40,4.0
209,Huarmey,PE,2021-07-31 18:36:38,-10.0681,-78.1522,70.93,69,2,12.17
210,Karpogory,RU,2021-07-31 18:36:38,64.0019,44.4451,57.36,88,46,3.29
211,San Nicolas,PH,2021-07-31 18:36:39,18.1725,120.5953,80.51,94,75,11.5
212,Lompoc,US,2021-07-31 18:36:39,34.6391,-120.4579,74.93,79,90,10.36
213,Yakima,US,2021-07-31 18:36:39,46.4665,-120.6678,92.64,40,1,5.75
214,Newtownards,GB,2021-07-31 18:35:10,54.5924,-5.6909,57.94,72,90,4.0
215,Faanui,PF,2021-07-31 18:36:40,-16.4833,-151.75,77.59,64,100,16.49
216,Marysville,US,2021-07-31 18:36:24,48.0518,-122.1771,73.44,74,1,5.75
217,Akdepe,TM,2021-07-31 18:36:40,42.0551,59.3788,80.6,16,0,11.97
218,Lebanon,US,2021-07-31 18:32:54,36.2081,-86.2911,92.79,53,1,4.61
219,Salalah,OM,2021-07-31 18:36:40,17.0151,54.0924,78.89,89,90,8.05
220,Bengkulu,ID,2021-07-31 18:36:41,-3.8004,102.2655,75.56,91,16,4.14
221,Takanosu,JP,2021-07-31 18:36:41,40.2219,140.3694,73.27,90,100,5.48
222,Dunoon,GB,2021-07-31 18:36:41,55.947,-4.923,64.31,77,100,3.51
223,Axim,GH,2021-07-31 18:31:58,4.8699,-2.2405,77.2,84,100,7.52
224,Shakawe,BW,2021-07-31 18:36:42,-18.3667,21.85,58.42,35,0,6.08
225,Zhangjiakou,CN,2021-07-31 18:36:42,40.81,114.8794,66.54,65,37,12.1
226,Faya,SA,2021-07-31 18:36:42,18.3851,42.4509,64.51,78,100,13.4
227,Ucluelet,CA,2021-07-31 18:36:43,48.9329,-125.5528,61.11,76,93,8.77
228,Vila,PT,2021-07-31 18:36:43,42.0304,-8.1588,59.32,65,100,5.84
229,Dunedin,NZ,2021-07-31 18:32:28,-45.8742,170.5036,50.81,85,100,15.01
230,Puerto Lopez,CO,2021-07-31 18:36:43,4.0845,-72.956,82.6,67,72,6.8
231,Upernavik,GL,2021-07-31 18:36:43,72.7868,-56.1549,43.29,77,100,1.99
232,Kindia,GN,2021-07-31 18:36:44,10.0569,-12.8658,68.79,98,100,2.57
233,Nouadhibou,MR,2021-07-31 18:36:44,20.931,-17.0347,73.38,78,20,21.85
234,Mataura,NZ,2021-07-31 18:36:44,-46.1927,168.8643,47.48,100,100,1.16
235,Ketchikan,US,2021-07-31 18:35:18,55.3422,-131.6461,66.67,82,20,9.22
236,Sosnovo-Ozerskoye,RU,2021-07-31 18:36:45,52.5249,111.5418,49.89,94,45,3.56
237,Toyooka,JP,2021-07-31 18:36:45,35.5333,134.8333,73.62,91,2,3.29
238,Kaitangata,NZ,2021-07-31 18:36:45,-46.2817,169.8464,47.14,97,100,2.53
239,Altay,CN,2021-07-31 18:36:46,47.8667,88.1167,58.73,56,46,4.0
240,Tiksi,RU,2021-07-31 18:32:44,71.6872,128.8694,39.78,92,90,6.89
241,Lubumbashi,CD,2021-07-31 18:36:46,-11.6609,27.4794,60.78,48,0,5.1
242,Airai,TL,2021-07-31 18:36:47,-8.9266,125.4092,58.5,91,61,3.78
243,Vestmannaeyjar,IS,2021-07-31 18:36:47,63.4427,-20.2734,53.58,93,99,8.93
244,Sompeta,IN,2021-07-31 18:36:47,18.9333,84.6,81.91,75,100,6.31
245,Carballo,ES,2021-07-31 18:36:47,43.213,-8.691,67.77,73,52,5.08
246,Bereda,ES,2021-07-31 18:36:48,43.2686,-7.5406,65.41,54,13,5.06
247,Pangnirtung,CA,2021-07-31 18:34:50,66.1451,-65.7125,51.8,82,75,11.5
248,Nador,MA,2021-07-31 18:36:48,35.174,-2.9287,86.07,38,0,23.02
249,Diamantino,BR,2021-07-31 18:36:49,-14.4086,-56.4461,95.16,13,1,1.97
250,Key West,US,2021-07-31 18:36:49,24.5557,-81.7826,91.4,64,20,8.05
251,Sobolevo,RU,2021-07-31 18:36:49,54.4299,31.8996,64.72,68,98,2.17
252,Sorland,NO,2021-07-31 18:36:49,67.667,12.6934,49.28,76,100,11.1
253,Shetpe,KZ,2021-07-31 18:36:50,44.1667,52.1167,83.86,27,5,11.54
254,Cidreira,BR,2021-07-31 18:36:50,-30.1811,-50.2056,57.79,78,0,14.45
255,Mao,ES,2021-07-31 18:36:50,39.8885,4.2658,81.16,78,40,5.75
256,Quatre Cocos,MU,2021-07-31 18:36:51,-20.2078,57.7625,69.91,64,6,16.26
257,Lake Charles,US,2021-07-31 18:36:51,30.2131,-93.2044,94.98,56,75,0.0
258,Torbay,CA,2021-07-31 18:36:51,47.6666,-52.7314,69.89,77,75,31.07
259,Lagoa,PT,2021-07-31 18:36:51,39.05,-27.9833,71.26,79,100,9.37
260,Kushmurun,KZ,2021-07-31 18:36:52,52.4503,64.6311,69.06,85,100,4.56
261,Sajanan,TN,2021-07-31 18:36:52,37.0573,9.2426,91.67,41,59,5.19
262,Nuuk,GL,2021-07-31 18:36:52,64.1835,-51.7216,52.41,76,75,8.05
263,Senanga,ZM,2021-07-31 18:36:53,-16.1167,23.2667,59.63,39,0,6.73
264,Valle Hermoso,MX,2021-07-31 18:36:53,25.6667,-97.8333,93.92,48,34,15.95
265,Varniai,LT,2021-07-31 18:36:53,55.7406,22.3644,67.69,94,29,0.74
266,Tecoanapa,MX,2021-07-31 18:36:54,16.5167,-98.75,86.14,66,11,9.84
267,Tim,RU,2021-07-31 18:36:54,51.6222,37.1244,70.92,53,23,3.38
268,Hernani,ES,2021-07-31 18:36:54,43.2662,-1.9762,65.91,86,90,4.0
269,Mantua,IT,2021-07-31 18:36:54,45.1667,10.7833,88.12,69,74,3.0
270,Aksarayskiy,RU,2021-07-31 18:36:55,46.7924,48.0119,73.35,45,100,6.46
271,Cap Malheureux,MU,2021-07-31 18:36:56,-19.9842,57.6142,70.29,71,0,3.0
272,Saint-Georges,GD,2021-07-31 18:36:56,12.0564,-61.7485,85.68,79,20,23.02
273,Lorengau,PG,2021-07-31 18:36:56,-2.0226,147.2712,79.79,77,25,3.74
274,Teluknaga,ID,2021-07-31 18:36:56,-6.0989,106.6381,80.64,88,40,5.99
275,Lubango,AO,2021-07-31 18:36:57,-14.9172,13.4925,60.64,22,0,3.42
276,Moers,DE,2021-07-31 18:36:57,51.45,6.65,68.99,68,20,8.05
277,Jiwani,PK,2021-07-31 18:36:57,25.05,61.7417,81.97,87,74,10.07
278,Krasnoselkup,RU,2021-07-31 18:36:58,65.7,82.4667,53.02,74,89,8.28
279,Paramonga,PE,2021-07-31 18:36:58,-10.6667,-77.8333,68.86,72,5,13.78
280,Guerrero Negro,MX,2021-07-31 18:36:58,27.9769,-114.0611,84.96,49,7,9.98
281,Kalamazoo,US,2021-07-31 18:36:40,42.2506,-85.55,78.04,50,1,4.61
282,Taoudenni,ML,2021-07-31 18:36:59,22.6783,-3.9836,107.87,10,1,4.05
283,Moose Factory,CA,2021-07-31 18:36:59,51.2585,-80.6094,68.0,52,40,8.05
284,Cabo San Lucas,MX,2021-07-31 18:36:26,22.8909,-109.9124,98.51,52,20,5.01
285,Krivosheino,RU,2021-07-31 18:36:59,57.3431,83.9261,58.96,82,100,5.55
286,Suining,CN,2021-07-31 18:37:00,30.508,105.5733,77.58,67,0,2.93
287,Simpang,ID,2021-07-31 18:37:00,-1.2667,104.0833,77.56,84,66,2.59
288,Say,NE,2021-07-31 18:37:00,13.1007,2.3689,90.16,58,84,12.26
289,Takoradi,GH,2021-07-31 18:37:00,4.8845,-1.7554,76.87,83,83,7.76
290,Berlevag,NO,2021-07-31 18:37:01,70.8578,29.0864,49.24,89,100,11.18
291,Samandag,TR,2021-07-31 18:37:01,36.0842,35.9771,84.72,81,2,6.38
292,Nanortalik,GL,2021-07-31 18:33:49,60.1432,-45.2371,48.61,80,62,12.37
293,Turukhansk,RU,2021-07-31 18:37:01,65.8167,87.9833,53.35,68,100,6.2
294,Turkistan,KZ,2021-07-31 18:37:02,43.0,68.0,83.46,17,99,16.42
295,Fairbanks,US,2021-07-31 18:37:02,64.8378,-147.7164,66.49,67,1,4.61
296,San Juan,AR,2021-07-31 18:37:02,-31.5375,-68.5364,61.63,24,5,15.08
297,Flin Flon,CA,2021-07-31 18:37:03,54.7682,-101.865,73.24,38,20,6.91
298,Ziro,IN,2021-07-31 18:37:03,27.6333,93.8333,59.16,98,77,0.85
299,Te Anau,NZ,2021-07-31 18:37:03,-45.4167,167.7167,46.36,98,100,0.69
300,Maubin,MM,2021-07-31 18:37:04,16.7333,95.65,77.16,90,100,9.24
301,Beringovskiy,RU,2021-07-31 18:37:04,63.05,179.3167,42.21,88,100,6.67
302,Bianzhuang,CN,2021-07-31 18:37:04,34.8486,118.0447,76.59,92,0,4.97
303,Saint George,US,2021-07-31 18:35:09,37.1041,-113.5841,95.47,36,1,4.0
304,Kochi,IN,2021-07-31 18:37:05,9.9399,76.2602,76.98,83,6,8.39
305,El Dorado,US,2021-07-31 18:37:05,38.7666,-120.5177,93.92,31,93,1.01
306,Goure,NE,2021-07-31 18:37:05,13.9835,10.2704,87.03,46,16,7.9
307,Yulara,AU,2021-07-31 18:33:58,-25.2406,130.9889,53.44,76,75,0.0
308,Shelburne,CA,2021-07-31 18:33:05,44.0787,-80.2041,69.57,51,100,5.44
309,Bella Union,UY,2021-07-31 18:37:06,-30.2752,-57.6007,64.89,48,0,3.44
310,Lumsden,CA,2021-07-31 18:37:06,50.6501,-104.8678,83.48,18,0,10.18
311,Srednekolymsk,RU,2021-07-31 18:37:06,67.45,153.6833,40.64,82,100,12.95
312,Guymon,US,2021-07-31 18:37:06,36.6828,-101.4816,95.47,28,1,9.22
313,Chuy,UY,2021-07-31 18:37:07,-33.6971,-53.4616,56.25,68,0,5.21
314,Carnarvon,AU,2021-07-31 18:35:48,-24.8667,113.6333,51.87,55,90,5.75
315,Byron Bay,AU,2021-07-31 18:37:07,-28.65,153.6167,60.75,86,6,9.78
316,Saint Anthony,US,2021-07-31 18:37:07,45.0205,-93.218,87.26,52,1,1.99
317,Christchurch,NZ,2021-07-31 18:35:52,-43.5333,172.6333,52.0,91,90,5.99
318,Kulu,TR,2021-07-31 18:37:08,39.0951,33.0799,77.58,24,1,6.2
319,High Level,CA,2021-07-31 18:37:08,58.5169,-117.136,77.11,53,1,4.61
320,Saldanha,ZA,2021-07-31 18:32:10,-33.0117,17.9442,55.45,56,100,2.84
321,Kaeo,NZ,2021-07-31 18:37:08,-35.1,173.7833,53.33,89,15,7.94
322,Awjilah,LY,2021-07-31 18:37:09,29.1081,21.2869,93.04,21,0,20.02
323,Manbij,SY,2021-07-31 18:37:09,36.5281,37.9549,92.17,35,0,16.82
324,Terrak,NO,2021-07-31 18:37:09,65.087,12.3715,51.67,91,99,6.98
325,Anadyr,RU,2021-07-31 18:37:10,64.75,177.4833,41.5,86,40,4.0
326,Amga,RU,2021-07-31 18:37:10,60.8953,131.9608,50.61,81,0,2.51
327,Atar,MR,2021-07-31 18:37:10,20.5169,-13.0499,103.46,19,11,17.11
328,Basco,PH,2021-07-31 18:37:10,20.4487,121.9702,82.29,89,100,28.52
329,Aguimes,ES,2021-07-31 18:37:11,27.9054,-15.4461,77.67,65,20,34.52
330,Trinidad,BO,2021-07-31 18:37:11,-14.8333,-64.9,82.38,36,8,0.0
331,Paita,PE,2021-07-31 18:37:11,-5.0892,-81.1144,77.56,70,2,16.46
332,Ngunguru,NZ,2021-07-31 18:37:12,-35.6167,174.5,53.17,68,10,16.24
333,Jatai,BR,2021-07-31 18:34:49,-17.8814,-51.7144,84.4,19,53,3.69
334,Yarada,IN,2021-07-31 18:37:12,17.65,83.2667,84.52,74,75,9.22
335,Praxedis Guerrero,MX,2021-07-31 18:37:12,31.3667,-106.0167,83.75,33,53,0.89
336,San Quintin,MX,2021-07-31 18:34:45,30.4833,-115.95,77.79,64,1,12.5
337,Petropavlovsk-Kamchatskiy,RU,2021-07-31 18:37:13,53.0452,158.6483,50.59,100,90,2.24
338,Kindu,CD,2021-07-31 18:37:13,-2.95,25.95,78.87,35,99,3.51
339,Oistins,BB,2021-07-31 18:33:33,13.0667,-59.5333,86.09,79,75,19.57
340,Macas,EC,2021-07-31 18:37:13,-2.3167,-78.1167,74.95,73,40,1.14
341,Santa Elena,EC,2021-07-31 18:37:14,-2.2333,-80.85,72.95,78,90,11.5
342,Sisauli,IN,2021-07-31 18:37:14,29.4167,77.4667,80.98,81,10,2.91
343,Bilibino,RU,2021-07-31 18:37:14,68.0546,166.4372,40.98,74,100,2.06
344,Igarka,RU,2021-07-31 18:37:14,67.4667,86.5833,49.23,92,100,8.7
345,Vardo,NO,2021-07-31 18:37:15,70.3705,31.1107,48.02,91,100,15.12
346,Namatanai,PG,2021-07-31 18:37:15,-3.6667,152.4333,78.1,84,75,4.81
347,Tabuk,PH,2021-07-31 18:37:15,17.4189,121.4443,76.84,80,100,2.57
348,Husavik,IS,2021-07-31 18:37:16,66.0449,-17.3389,60.71,59,29,4.61
349,Langtad,PH,2021-07-31 18:37:16,10.1857,123.7344,82.24,85,100,6.17
350,Loralai,PK,2021-07-31 18:37:16,30.3705,68.598,82.02,49,10,4.12
351,Uray,RU,2021-07-31 18:37:17,60.1247,64.7758,56.93,84,3,5.93
352,Luba,GQ,2021-07-31 18:37:17,3.4568,8.5547,78.69,85,26,7.7
353,Muroto,JP,2021-07-31 18:37:17,33.2833,134.15,80.94,73,80,3.0
354,Barinas,VE,2021-07-31 18:37:18,8.6226,-70.2075,94.69,74,83,6.91
355,Hukuntsi,BW,2021-07-31 18:37:18,-24.0,21.75,54.77,37,0,10.16
356,Humaita,BR,2021-07-31 18:37:18,-7.5061,-63.0208,95.18,24,11,2.46
357,Bathsheba,BB,2021-07-31 18:37:19,13.2167,-59.5167,86.61,79,75,19.57
358,Mercedes,AR,2021-07-31 18:37:19,-34.6515,-59.4307,64.04,42,69,3.2
359,Nipawin,CA,2021-07-31 18:37:19,53.3668,-104.0009,78.84,38,1,10.36
360,Ubinskoye,RU,2021-07-31 18:32:31,55.3068,79.6802,63.14,53,83,6.46
361,Zyryanka,RU,2021-07-31 18:37:20,65.75,150.85,48.25,83,100,21.68
362,Touros,BR,2021-07-31 18:37:20,-5.1989,-35.4608,85.1,60,100,18.43
363,Port Hedland,AU,2021-07-31 18:37:20,-20.3167,118.5667,60.85,59,1,8.05
364,Toamasina,MG,2021-07-31 18:37:21,-18.1667,49.3833,66.2,100,75,6.91
365,Phalaborwa,ZA,2021-07-31 18:37:21,-23.943,31.1411,63.68,50,0,1.32
366,Capao Da Canoa,BR,2021-07-31 18:37:21,-29.7456,-50.0097,57.18,80,0,15.1
367,Palm Beach,US,2021-07-31 18:37:21,26.6503,-80.4498,94.05,82,29,4.47
368,Menongue,AO,2021-07-31 18:37:22,-14.6585,17.691,58.5,32,0,6.38
369,Namibe,AO,2021-07-31 18:37:22,-15.1961,12.1522,68.2,95,34,3.09
370,Evanston,US,2021-07-31 18:35:33,42.0411,-87.6901,81.1,53,40,1.01
371,Petropavlovskoye,RU,2021-07-31 18:37:22,52.0712,84.107,58.95,68,44,6.13
372,Arman,RU,2021-07-31 18:37:23,59.7,150.1667,51.1,72,59,4.88
373,Prince Rupert,CA,2021-07-31 18:37:23,54.3161,-130.3201,56.89,100,90,3.44
374,Caravelas,BR,2021-07-31 18:32:59,-17.7125,-39.2481,71.71,59,57,12.95
375,Salinopolis,BR,2021-07-31 18:37:23,-0.6136,-47.3561,80.38,85,46,10.0
376,Sistranda,NO,2021-07-31 18:37:24,63.7256,8.834,55.36,79,100,17.31
377,Bandarbeyla,SO,2021-07-31 18:37:24,9.4942,50.8122,75.97,83,100,25.21
378,Batagay-Alyta,RU,2021-07-31 18:37:24,67.8006,130.4114,58.86,74,46,1.66
379,Alvaraes,BR,2021-07-31 18:37:25,-3.2208,-64.8042,78.67,35,18,1.48
380,Heihe,CN,2021-07-31 18:37:25,50.2441,127.4902,55.98,99,100,4.92
381,Kashi,CN,2021-07-31 18:37:25,39.4547,75.9797,82.47,14,99,10.36
382,Jumla,NP,2021-07-31 18:37:25,29.2747,82.1838,64.02,96,99,1.01
383,Aasiaat,GL,2021-07-31 18:37:26,68.7098,-52.8699,42.42,85,82,14.03
384,Sioux Lookout,CA,2021-07-31 18:37:26,50.1001,-91.917,69.87,60,75,9.22
385,Boves,IT,2021-07-31 18:37:26,44.332,7.5514,72.43,83,3,1.34
386,Kabanjahe,ID,2021-07-31 18:37:27,3.1001,98.4908,61.56,96,100,3.85
387,Mehamn,NO,2021-07-31 18:37:27,71.0357,27.8492,50.23,82,100,2.77
388,Tromso,NO,2021-07-31 18:37:27,69.6496,18.957,48.85,81,75,9.22
389,Wasilla,US,2021-07-31 18:37:27,61.5814,-149.4394,62.94,73,90,0.0
390,Aykhal,RU,2021-07-31 18:33:15,66.0,111.5,59.09,43,6,4.21
391,Mbanza-Ngungu,CD,2021-07-31 18:37:28,-5.25,14.8667,78.66,43,8,5.37
392,Montgomery,US,2021-07-31 18:36:44,39.1501,-77.1997,84.54,54,1,4.61
393,Hervey Bay,AU,2021-07-31 18:37:28,-25.2986,152.8535,63.01,87,0,3.0
394,Eureka,US,2021-07-31 18:37:28,40.8021,-124.1637,88.66,75,70,3.0
395,Riyadh,SA,2021-07-31 18:35:41,24.6877,46.7219,100.54,13,85,4.34
396,Olafsvik,IS,2021-07-31 18:37:29,64.8945,-23.7142,55.27,91,83,6.87
397,Katete,UG,2021-07-31 18:37:29,-0.7818,29.7544,74.44,37,100,3.89
398,Sao Filipe,CV,2021-07-31 18:32:37,14.8961,-24.4956,76.33,84,78,11.81
399,Panaba,MX,2021-07-31 18:37:30,21.2833,-88.2667,99.9,34,32,7.96
400,Zhigansk,RU,2021-07-31 18:37:31,66.7697,123.3711,63.73,45,11,7.23
401,Yerbogachen,RU,2021-07-31 18:37:31,61.2767,108.0108,55.42,64,0,5.28
402,Cururupu,BR,2021-07-31 18:37:31,-1.8283,-44.8683,84.58,63,96,5.06
403,Cayenne,GF,2021-07-31 18:37:31,4.9333,-52.3333,87.84,71,20,4.0
404,Kefamenanu,ID,2021-07-31 18:37:32,-9.4467,124.4781,70.39,87,77,4.18
405,Koshurnikovo,RU,2021-07-31 18:37:32,54.1667,93.3,49.01,96,4,1.92
406,Klaksvik,FO,2021-07-31 18:37:32,62.2266,-6.589,50.92,74,75,13.33
407,Diego De Almagro,CL,2021-07-31 18:37:33,-26.3667,-70.05,77.27,15,0,11.92
408,Pokrovskoye,RU,2021-07-31 18:37:33,47.4157,38.8971,81.81,59,0,7.18
409,Pauini,BR,2021-07-31 18:37:33,-7.7136,-66.9764,92.37,22,32,2.98
410,Henties Bay,NA,2021-07-31 18:37:34,-22.116,14.2845,69.51,39,0,11.25
411,Karratha,AU,2021-07-31 18:37:34,-20.7377,116.8463,62.33,50,0,9.71
412,Nakapiripirit,UG,2021-07-31 18:37:34,1.9167,34.7833,67.66,79,100,1.68
413,Krasnokamensk,RU,2021-07-31 18:37:35,50.0979,118.0369,49.05,90,9,6.2
414,Kpandae,GH,2021-07-31 18:34:10,8.4689,-0.0113,73.18,94,47,2.37
415,Puerto Escondido,MX,2021-07-31 18:37:35,15.85,-97.0667,88.63,66,75,9.22
416,Poum,NC,2021-07-31 18:37:35,-20.2333,164.0167,68.54,59,9,17.72
417,Kirakira,SB,2021-07-31 18:37:36,-10.4544,161.9205,74.37,84,100,7.47
418,Pueblo,US,2021-07-31 18:35:01,38.2545,-104.6091,86.76,42,20,1.01
419,Isangel,VU,2021-07-31 18:37:36,-19.55,169.2667,68.11,64,12,14.97
420,Tahoua,NE,2021-07-31 18:37:36,14.8888,5.2692,91.38,49,20,6.91
421,Saint-Augustin,CA,2021-07-31 18:37:37,51.226,-58.6502,55.54,89,100,16.28
422,Los Amates,GT,2021-07-31 18:37:37,15.2667,-89.1,92.39,66,34,4.7
423,Waddan,LY,2021-07-31 18:37:37,29.1614,16.139,94.28,13,0,8.3
424,Bowen,AU,2021-07-31 18:37:37,-20.0167,148.2333,62.82,83,14,4.34
425,Luderitz,NA,2021-07-31 18:37:38,-26.6481,15.1594,70.86,26,0,7.18
426,Impfondo,CG,2021-07-31 18:37:38,1.6381,18.0667,77.92,66,91,3.02
427,Dubbo,AU,2021-07-31 18:37:38,-32.25,148.6167,53.73,82,40,2.3
428,Safaga,EG,2021-07-31 18:37:39,26.7292,33.9365,93.15,45,17,3.76
429,Umm Lajj,SA,2021-07-31 18:37:39,25.0213,37.2685,87.49,56,100,1.99
430,Nelson Bay,AU,2021-07-31 18:37:39,-32.7167,152.15,58.28,70,0,5.14
431,Ginir,ET,2021-07-31 18:37:40,7.1333,40.7,59.83,73,100,10.13
432,Bonavista,CA,2021-07-31 18:37:40,48.6499,-53.1147,71.6,69,8,20.09
433,Saint-Leu,RE,2021-07-31 18:37:40,-21.15,55.2833,68.86,72,71,7.72
434,Eydhafushi,MV,2021-07-31 18:37:41,5.1033,73.0708,82.35,74,83,9.53
435,Nicoya,CR,2021-07-31 18:37:41,10.1483,-85.452,89.15,69,78,3.2
436,Sokoto,NG,2021-07-31 18:37:41,13.0609,5.239,83.79,61,75,8.32
437,Saint-Philippe,RE,2021-07-31 18:33:16,-21.3585,55.7679,69.39,81,14,13.85
438,Yoichi,JP,2021-07-31 18:37:42,43.2039,140.7703,73.44,80,86,2.73
439,Esik,KZ,2021-07-31 18:37:42,43.3552,77.4525,62.02,43,0,6.71
440,Podgornoye,RU,2021-07-31 18:37:42,51.735,39.1496,70.02,64,0,2.24
441,Pucallpa,PE,2021-07-31 18:37:43,-8.3791,-74.5539,80.64,54,20,4.61
442,Honiara,SB,2021-07-31 18:37:43,-9.4333,159.95,75.6,88,55,3.69
443,Otane,NZ,2021-07-31 18:37:43,-39.8833,176.6333,43.02,95,100,2.15
444,Oxbow,CA,2021-07-31 18:37:43,49.2333,-102.1676,82.35,38,2,11.9
445,Marsh Harbour,BS,2021-07-31 18:37:44,26.5412,-77.0636,85.19,66,3,8.95
446,Horadiz,AZ,2021-07-31 18:37:44,39.4488,47.3353,75.97,66,100,5.37
447,Xinye,CN,2021-07-31 18:37:44,32.5186,112.3522,79.34,88,0,5.77
448,Kudahuvadhoo,MV,2021-07-31 18:37:45,2.6708,72.8944,83.14,70,99,4.56
449,Sola,VU,2021-07-31 18:33:21,-13.8833,167.55,72.27,64,40,4.61
450,Nalut,LY,2021-07-31 18:37:45,30.3333,10.85,94.33,10,0,8.97
451,Makhachkala,RU,2021-07-31 18:37:45,42.9764,47.5024,75.18,75,13,8.16
452,Novoorsk,RU,2021-07-31 18:37:46,51.381,58.9813,75.85,35,60,6.06
453,Hualmay,PE,2021-07-31 18:37:46,-11.0964,-77.6139,68.18,72,15,12.84
454,Wanaka,NZ,2021-07-31 18:37:46,-44.7,169.15,44.11,99,100,1.01
455,Homer,US,2021-07-31 18:34:12,59.6425,-151.5483,63.77,78,1,3.44
456,Hammerfest,NO,2021-07-31 18:37:47,70.6634,23.6821,45.05,93,90,5.75
457,Silver City,US,2021-07-31 18:33:28,32.7701,-108.2803,80.56,44,90,11.99
458,Kazachinskoye,RU,2021-07-31 18:37:47,57.6953,93.2761,53.69,81,5,2.21
459,Tulum,MX,2021-07-31 18:37:47,20.2167,-87.4667,91.45,56,49,7.78
460,Campbeltown,GB,2021-07-31 18:37:48,55.4258,-5.6076,62.56,77,100,15.73
461,Simbahan,PH,2021-07-31 18:37:48,6.3032,120.5836,83.37,76,37,7.78
462,Cerrito,CO,2021-07-31 18:37:48,6.8432,-72.694,65.59,67,88,1.5
463,Gay,RU,2021-07-31 18:35:15,51.4666,58.4552,73.92,32,87,8.68
464,Sterling,US,2021-07-31 18:36:54,39.0062,-77.4286,85.1,48,20,1.01
465,Linxia,CN,2021-07-31 18:37:49,35.6003,103.2064,64.6,39,7,4.65
466,Balboa,CO,2021-07-31 18:37:49,2.0396,-77.2168,82.85,36,88,3.62
467,Zbiroh,CZ,2021-07-31 18:37:49,49.8602,13.7726,71.53,71,1,5.77
468,Maralal,KE,2021-07-31 18:37:50,1.0968,36.698,61.84,58,100,9.35
469,Korla,CN,2021-07-31 18:37:50,41.7597,86.1469,71.19,45,88,20.45
470,Davila,PH,2021-07-31 18:37:50,18.4726,120.5763,80.58,86,100,23.44
471,Kabansk,RU,2021-07-31 18:37:51,52.0486,106.6528,59.49,88,99,6.55
472,Loukhi,RU,2021-07-31 18:37:51,66.0764,33.0381,53.49,90,99,3.33
473,Sur,OM,2021-07-31 18:34:57,22.5667,59.5289,90.39,57,57,12.95
474,Hami,CN,2021-07-31 18:37:51,42.8,93.45,80.69,33,100,0.85
475,Asmara,ER,2021-07-31 18:37:52,15.3333,38.9333,58.59,86,100,4.81
476,Buraydah,SA,2021-07-31 18:37:52,26.326,43.975,99.05,9,4,8.66
477,Gamba,GA,2021-07-31 18:37:52,-2.65,10.0,73.78,81,7,8.86
478,Manaure,CO,2021-07-31 18:34:53,11.7751,-72.4445,90.91,49,0,19.69
479,Chinhoyi,ZW,2021-07-31 18:37:53,-17.3667,30.2,62.08,52,91,7.81
480,Boa Vista,BR,2021-07-31 18:37:53,2.8197,-60.6733,85.98,62,75,6.91
481,Brandon,US,2021-07-31 18:37:53,27.9378,-82.2859,95.56,65,90,1.01
482,Fallon,US,2021-07-31 18:37:54,39.4735,-118.7774,80.47,43,75,9.22
483,Iralaya,HN,2021-07-31 18:37:54,15.0,-83.2333,87.89,74,100,15.46
484,Cerro De Pasco,PE,2021-07-31 18:37:54,-10.6833,-76.2667,51.21,42,33,13.04
485,Sayansk,RU,2021-07-31 18:37:54,54.1088,102.1648,56.7,82,100,2.73
486,Bambanglipuro,ID,2021-07-31 18:37:55,-7.95,110.2833,77.05,84,82,10.96
487,Ryotsu,JP,2021-07-31 18:37:55,38.0833,138.4333,76.98,85,5,2.57
488,Sangin,AF,2021-07-31 18:37:55,32.0728,64.8359,87.35,14,1,4.52
489,Khilok,RU,2021-07-31 18:37:56,51.3674,110.4676,53.22,98,5,4.79
490,Cheremshan,RU,2021-07-31 18:37:56,54.6667,51.5,68.07,76,1,7.63
491,Kultuk,RU,2021-07-31 18:37:56,51.7208,103.6956,58.82,96,100,2.57
492,Great Bend,US,2021-07-31 18:33:58,38.3645,-98.7648,96.89,51,1,8.01
493,Edemissen,DE,2021-07-31 18:37:57,52.387,10.2614,67.55,57,5,10.96
494,Mulchen,CL,2021-07-31 18:37:57,-37.7167,-72.2333,51.66,46,0,6.58
495,Garmisch-Partenkirchen,DE,2021-07-31 18:37:57,47.4921,11.0958,64.78,84,100,1.88
496,Evinayong,GQ,2021-07-31 18:37:58,1.4368,10.5512,68.72,95,84,3.42
497,Sitka,US,2021-07-31 18:37:20,57.0531,-135.33,60.69,88,75,4.61
498,Ayan,RU,2021-07-31 18:37:58,56.45,138.1667,53.24,72,0,6.53
499,Riviere-Au-Renard,CA,2021-07-31 18:37:58,48.9957,-64.3971,62.89,92,100,17.29
500,Tomigusuku,JP,2021-07-31 18:37:59,26.185,127.675,82.17,92,75,12.66
501,Ellisras,ZA,2021-07-31 18:37:59,-23.6649,27.7443,54.84,35,0,5.37
502,Zaozerne,UA,2021-07-31 18:38:00,45.1582,33.2787,78.8,62,0,7.76
503,Hendaye,FR,2021-07-31 18:38:00,43.3717,-1.7738,66.25,95,90,4.61
504,Palauig,PH,2021-07-31 18:38:00,15.435,119.9045,81.39,88,100,12.06
505,Lata,PT,2021-07-31 18:38:01,40.1629,-8.3327,66.92,63,13,11.05
506,Paamiut,GL,2021-07-31 18:38:01,61.994,-49.6678,45.61,85,94,17.18
507,Eskil,TR,2021-07-31 18:38:01,38.4017,33.4131,77.25,24,0,9.28
508,Port Hardy,CA,2021-07-31 18:38:02,50.6996,-127.4199,60.98,88,90,8.05
509,Pacific Grove,US,2021-07-31 18:33:06,36.6177,-121.9166,83.28,81,75,1.01
510,Bolnisi,GE,2021-07-31 18:38:02,41.4479,44.5384,76.59,64,0,4.07
511,Kenai,US,2021-07-31 18:38:02,60.5544,-151.2583,63.03,80,90,0.0
512,Praia Da Vitoria,PT,2021-07-31 18:38:03,38.7333,-27.0667,75.45,78,40,10.56
513,Galeana,MX,2021-07-31 18:38:03,24.8333,-100.0667,78.31,43,7,7.02
514,Ushtobe,KZ,2021-07-31 18:38:03,45.2514,77.9838,66.38,23,0,9.64
515,Mount Vernon,US,2021-07-31 18:38:04,40.9126,-73.8371,79.9,43,40,1.99
516,Sabae,JP,2021-07-31 18:38:04,35.9465,136.185,76.78,91,28,3.89
517,Sylvan Lake,CA,2021-07-31 18:38:04,52.3168,-114.0853,78.12,49,1,9.22
518,Chaupimarca,PE,2021-07-31 18:38:05,-10.4333,-76.5333,50.79,43,98,11.74
519,Roald,NO,2021-07-31 18:38:05,62.5833,6.1333,58.15,93,75,14.97
520,Nagato,JP,2021-07-31 18:38:05,34.3833,131.2,78.71,90,100,4.5
521,Pangody,RU,2021-07-31 18:38:06,65.85,74.4859,49.6,82,7,8.08
522,Elbistan,TR,2021-07-31 18:38:06,38.2059,37.1983,74.68,36,0,6.76
523,Poronaysk,RU,2021-07-31 18:38:06,49.2167,143.1167,56.68,82,78,5.14
524,Benguela,AO,2021-07-31 18:38:06,-12.5763,13.4055,71.96,83,0,5.82
525,Houma,US,2021-07-31 18:33:11,29.5958,-90.7195,93.99,74,100,1.99
526,Wanning,CN,2021-07-31 18:38:07,18.8003,110.3967,81.91,83,100,11.21
527,Seoul,KR,2021-07-31 18:36:15,37.5683,126.9778,79.21,86,0,3.44
528,Sungairaya,ID,2021-07-31 18:38:07,0.7,108.9,78.67,86,28,5.66
529,Taltal,CL,2021-07-31 18:38:08,-25.4,-70.4833,63.52,68,24,5.46
530,Lyngseidet,NO,2021-07-31 18:38:08,69.5763,20.2189,46.49,96,100,4.16
531,Algiers,DZ,2021-07-31 18:36:42,36.7525,3.042,87.62,35,40,6.91
532,Port Shepstone,ZA,2021-07-31 18:38:08,-30.7414,30.455,63.57,63,5,7.72
533,Ilulissat,GL,2021-07-31 18:38:09,69.2167,-51.1,57.22,38,1,4.61
534,Miyako,JP,2021-07-31 18:38:09,39.6367,141.9525,72.19,96,100,7.25
535,Rodez,FR,2021-07-31 18:38:09,44.5,2.5833,57.04,94,90,10.36
536,Taman,RU,2021-07-31 18:38:10,45.2117,36.7161,70.12,67,0,5.82
537,Ornskoldsvik,SE,2021-07-31 18:31:01,63.2909,18.7153,66.02,77,100,9.22
