City_ID,City,Country,Date,Lat,Lng,Max Temp,Humidity,Cloudiness,Wind Speed,Current Weather
0,Margate,GB,2021-08-01 22:34:26,51.3813,1.3862,60.69,83,97,1.99,overcast clouds
1,Los Llanos De Aridane,ES,2021-08-01 22:36:59,28.6585,-17.9182,69.12,68,75,19.57,broken clouds
2,Punta Arenas,CL,2021-08-01 22:32:14,-53.15,-70.9167,42.91,75,40,17.27,scattered clouds
3,Ballina,AU,2021-08-01 22:41:00,-28.8667,153.5667,67.96,77,90,10.36,overcast clouds
4,Ribeira Grande,PT,2021-08-01 22:34:00,38.5167,-28.7,73.18,94,63,13.49,broken clouds
5,Hamilton,US,2021-08-01 22:34:41,39.1834,-84.5333,80.73,62,20,3.0,haze
6,Jinchang,CN,2021-08-01 22:38:00,38.4953,102.1739,73.36,37,79,3.22,broken clouds
7,Rundu,NA,2021-08-01 22:43:05,-17.9333,19.7667,55.49,44,0,6.33,clear sky
8,Bluff,NZ,2021-08-01 22:35:55,-46.6,168.3333,44.8,82,98,6.35,overcast clouds
9,Cape Town,ZA,2021-08-01 22:35:37,-33.9258,18.4232,57.11,84,20,1.01,few clouds
10,Hasaki,JP,2021-08-01 22:36:02,35.7333,140.8333,82.62,82,11,6.49,few clouds
11,Port Elizabeth,ZA,2021-08-01 22:31:54,-33.918,25.5701,61.09,72,75,29.93,broken clouds
12,East London,ZA,2021-08-01 22:35:29,-33.0153,27.9116,62.44,63,31,19.48,scattered clouds
13,Hermanus,ZA,2021-08-01 22:35:39,-34.4187,19.2345,56.89,80,95,0.54,overcast clouds
14,Pangody,RU,2021-08-01 22:43:06,65.85,74.4859,59.34,61,100,13.09,overcast clouds
15,Albany,US,2021-08-01 22:35:32,42.6001,-73.9662,71.47,84,89,6.73,moderate rain
16,Dikson,RU,2021-08-01 22:35:48,73.5069,80.5464,40.12,99,98,9.08,overcast clouds
17,Valparaiso,CL,2021-08-01 22:43:06,-33.0393,-71.6273,75.43,55,0,9.22,clear sky
18,Boyuibe,BO,2021-08-01 22:43:06,-20.4167,-63.2833,67.91,36,79,1.23,broken clouds
19,Mehamn,NO,2021-08-01 22:43:07,71.0357,27.8492,44.83,93,100,19.42,light rain
20,Rodrigues Alves,BR,2021-08-01 22:43:07,-7.738,-72.6509,86.2,61,44,0.47,scattered clouds
21,Rikitea,PF,2021-08-01 22:33:00,-23.1203,-134.9692,69.1,57,42,20.92,scattered clouds
22,New Norfolk,AU,2021-08-01 22:36:15,-42.7826,147.0587,42.75,85,31,2.73,scattered clouds
23,Isangel,VU,2021-08-01 22:36:02,-19.55,169.2667,69.91,83,75,5.75,broken clouds
24,Nikolskoye,RU,2021-08-01 22:35:44,59.7035,30.7861,62.4,93,40,4.9,scattered clouds
25,Puerto Ayora,EC,2021-08-01 22:36:07,-0.7393,-90.3518,78.76,89,53,5.99,broken clouds
26,Whitehorse,CA,2021-08-01 22:37:59,60.7161,-135.0538,83.17,21,20,3.44,few clouds
27,Batamshinskiy,KZ,2021-08-01 22:43:08,50.5594,58.2747,67.98,53,25,7.99,scattered clouds
28,Berbera,SO,2021-08-01 22:43:08,10.4396,45.0143,90.91,37,31,25.84,scattered clouds
29,Pisco,PE,2021-08-01 22:37:51,-13.7,-76.2167,66.25,72,0,11.5,clear sky
30,Kaitangata,NZ,2021-08-01 22:36:17,-46.2817,169.8464,47.73,90,46,4.07,scattered clouds
31,North Vanlaiphai,IN,2021-08-01 22:43:09,23.1333,93.0667,63.23,100,100,1.39,overcast clouds
32,Busselton,AU,2021-08-01 22:35:37,-33.65,115.3333,54.45,56,94,9.01,overcast clouds
33,Vaini,TO,2021-08-01 22:35:30,-21.2,-175.2,73.56,83,40,21.85,light rain
34,Chuy,UY,2021-08-01 22:35:36,-33.6971,-53.4616,49.6,93,25,5.5,scattered clouds
35,Avarua,CK,2021-08-01 22:35:34,-21.2078,-159.775,75.25,94,75,11.5,moderate rain
36,Khatanga,RU,2021-08-01 22:35:47,71.9667,102.5,63.79,68,38,9.4,scattered clouds
37,Paamiut,GL,2021-08-01 22:37:54,61.994,-49.6678,46.94,92,100,5.55,overcast clouds
38,Qaanaaq,GL,2021-08-01 22:43:10,77.484,-69.3632,42.37,84,86,1.34,overcast clouds
39,Clarence Town,AU,2021-08-01 22:43:10,-32.5833,151.7833,60.85,83,96,0.65,overcast clouds
40,Potosi,BO,2021-08-01 22:43:10,-19.5836,-65.7531,36.14,77,64,6.93,broken clouds
41,Bandarbeyla,SO,2021-08-01 22:36:41,9.4942,50.8122,82.27,62,11,24.83,few clouds
42,Butaritari,KI,2021-08-01 22:35:49,3.0707,172.7902,83.08,68,9,10.07,clear sky
43,Salalah,OM,2021-08-01 22:33:58,17.0151,54.0924,77.09,94,90,5.75,overcast clouds
44,Homer,US,2021-08-01 22:43:11,59.6425,-151.5483,74.08,77,1,11.5,clear sky
45,Port Talbot,GB,2021-08-01 22:43:11,51.5924,-3.7802,59.47,80,41,6.02,scattered clouds
46,Norman Wells,CA,2021-08-01 22:43:11,65.282,-126.8329,87.84,23,40,4.61,smoke
47,Padang,ID,2021-08-01 22:35:45,-0.9492,100.3543,74.84,91,98,5.57,overcast clouds
48,Nome,US,2021-08-01 22:36:11,64.5011,-165.4064,54.16,94,90,13.8,light rain
49,Ponta Do Sol,PT,2021-08-01 22:35:33,32.6667,-17.1,72.23,69,1,7.54,clear sky
50,Necochea,AR,2021-08-01 22:43:12,-38.5473,-58.7368,44.04,76,2,7.96,clear sky
51,Hithadhoo,MV,2021-08-01 22:43:12,-0.6,73.0833,81.34,71,92,7.78,overcast clouds
52,Harlingen,US,2021-08-01 22:41:46,26.1906,-97.6961,96.26,56,20,19.57,few clouds
53,Portales,US,2021-08-01 22:43:13,34.1862,-103.3344,79.48,55,96,17.36,overcast clouds
54,Guadalupe Victoria,MX,2021-08-01 22:43:13,32.2869,-115.105,113.95,11,0,3.58,clear sky
55,Adrar,MR,2021-08-01 22:36:51,20.5022,-10.0711,93.24,27,27,8.3,scattered clouds
56,Kyshtovka,RU,2021-08-01 22:43:13,56.555,76.6271,58.03,95,96,6.76,light rain
57,La Joya,MX,2021-08-01 22:43:14,18.6667,-99.4667,89.11,51,3,2.42,clear sky
58,Ushuaia,AR,2021-08-01 22:35:34,-54.8,-68.3,46.06,46,20,17.27,few clouds
59,Ati,TD,2021-08-01 22:40:12,13.2154,18.3353,77.11,78,100,7.9,overcast clouds
60,Roald,NO,2021-08-01 22:38:00,62.5833,6.1333,54.0,76,90,6.91,overcast clouds
61,Nizhniy Odes,RU,2021-08-01 22:43:14,63.6445,54.856,52.84,98,18,4.45,few clouds
62,Kapaa,US,2021-08-01 22:35:29,22.0752,-159.319,84.18,77,90,4.0,light rain
63,Port Alfred,ZA,2021-08-01 22:35:31,-33.5906,26.891,61.25,82,46,25.37,scattered clouds
64,Atuona,PF,2021-08-01 22:42:39,-9.8,-139.0333,77.11,69,31,10.36,scattered clouds
65,Mataura,NZ,2021-08-01 22:35:31,-46.1927,168.8643,44.47,91,84,2.37,broken clouds
66,Sapa,PH,2021-08-01 22:38:11,5.1544,120.3241,82.24,79,100,9.01,overcast clouds
67,Barrow,US,2021-08-01 22:36:05,71.2906,-156.7887,51.82,77,90,17.27,overcast clouds
68,Bridlington,GB,2021-08-01 22:38:50,54.0831,-0.1919,55.85,75,5,10.29,clear sky
69,Airai,TL,2021-08-01 22:43:15,-8.9266,125.4092,61.36,74,21,3.74,few clouds
70,Sibiti,CG,2021-08-01 22:43:16,-3.6819,13.3499,69.93,76,100,6.24,overcast clouds
71,Praia Da Vitoria,PT,2021-08-01 22:37:06,38.7333,-27.0667,74.75,94,90,14.99,light intensity drizzle
72,Bathsheba,BB,2021-08-01 22:43:16,13.2167,-59.5167,83.01,74,20,11.5,few clouds
73,Esso,RU,2021-08-01 22:43:16,55.9333,158.7,53.65,62,97,1.95,light rain
74,Korla,CN,2021-08-01 22:43:17,41.7597,86.1469,74.71,18,100,6.2,overcast clouds
75,Kabare,CD,2021-08-01 22:43:17,-2.4683,28.8242,63.9,61,86,1.03,overcast clouds
76,Marrakesh,MA,2021-08-01 22:42:32,31.6315,-8.0083,71.67,56,16,6.91,few clouds
77,Esperance,AU,2021-08-01 22:36:04,-33.8667,121.9,49.84,67,65,21.34,broken clouds
78,Jamestown,US,2021-08-01 22:35:40,42.097,-79.2353,69.39,66,20,4.0,few clouds
79,Vila Velha,BR,2021-08-01 22:35:32,-20.3297,-40.2925,71.96,65,40,6.91,scattered clouds
80,Kodiak,US,2021-08-01 22:33:50,57.79,-152.4072,60.31,77,75,6.91,broken clouds
81,Saint-Pierre,RE,2021-08-01 22:35:43,-21.3393,55.4781,67.64,68,36,5.75,scattered clouds
82,Yellowknife,CA,2021-08-01 22:32:51,62.456,-114.3525,87.33,28,20,3.44,few clouds
83,Ilulissat,GL,2021-08-01 22:43:13,69.2167,-51.1,62.62,34,1,11.5,clear sky
84,Marevo,RU,2021-08-01 22:43:18,57.3146,32.0804,61.34,72,100,3.78,overcast clouds
85,Ancud,CL,2021-08-01 22:43:14,-41.8697,-73.8203,47.73,82,58,3.85,broken clouds
86,San Patricio,US,2021-08-01 22:38:02,28.017,-97.5169,95.09,55,99,16.67,overcast clouds
87,Okhotsk,RU,2021-08-01 22:38:28,59.3833,143.3,62.69,50,0,5.95,clear sky
88,Boende,CD,2021-08-01 22:35:39,-0.2167,20.8667,72.79,77,100,2.82,overcast clouds
89,Hilo,US,2021-08-01 22:34:45,19.7297,-155.09,82.13,69,75,5.75,light rain
90,Oranjemund,NA,2021-08-01 22:43:19,-28.55,16.4333,56.44,75,1,6.06,clear sky
91,Lagoa,PT,2021-08-01 22:43:19,39.05,-27.9833,71.85,95,37,15.39,scattered clouds
92,Carutapera,BR,2021-08-01 22:36:55,-1.195,-46.02,74.39,89,74,2.46,broken clouds
93,Dingle,PH,2021-08-01 22:43:19,10.9995,122.6711,80.51,84,100,10.02,overcast clouds
94,Sisimiut,GL,2021-08-01 22:43:20,66.9395,-53.6735,53.08,64,0,4.68,clear sky
95,Rincon,US,2021-08-01 22:34:15,32.296,-81.2354,93.65,58,40,0.0,thunderstorm
96,Hobart,AU,2021-08-01 22:35:04,-42.8794,147.3294,42.12,83,0,1.99,clear sky
97,Kieta,PG,2021-08-01 22:43:20,-6.2167,155.6333,82.31,74,8,1.9,light rain
98,Klaksvik,FO,2021-08-01 22:43:20,62.2266,-6.589,49.12,81,65,6.73,broken clouds
99,Lingao,CN,2021-08-01 22:43:21,19.9103,109.6859,78.84,92,99,18.77,moderate rain
100,Bilibino,RU,2021-08-01 22:37:07,68.0546,166.4372,45.28,51,76,8.05,broken clouds
101,Stornoway,GB,2021-08-01 22:43:21,58.2093,-6.3865,51.93,81,90,4.61,overcast clouds
102,Souillac,MU,2021-08-01 22:36:14,-20.5167,57.5167,66.58,94,75,8.05,light intensity shower rain
103,Lavrentiya,RU,2021-08-01 22:36:12,65.5833,-171.0,41.67,84,100,15.82,overcast clouds
104,Tocopilla,CL,2021-08-01 22:43:22,-22.092,-70.1979,64.02,64,87,3.09,overcast clouds
105,Scarborough,GB,2021-08-01 22:40:14,54.2797,-0.4044,54.54,86,8,1.99,clear sky
106,Saint-Joseph,RE,2021-08-01 22:43:22,-21.3667,55.6167,64.78,75,37,8.3,scattered clouds
107,Poum,NC,2021-08-01 22:37:04,-20.2333,164.0167,69.22,55,3,12.55,clear sky
108,Bengkulu,ID,2021-08-01 22:43:22,-3.8004,102.2655,73.58,90,95,4.07,overcast clouds
109,Saint-Leu,RE,2021-08-01 22:43:23,-21.15,55.2833,65.26,66,19,2.91,few clouds
110,Narsaq,GL,2021-08-01 22:35:39,60.9167,-46.05,64.62,77,100,4.72,light rain
111,Tiksi,RU,2021-08-01 22:38:31,71.6872,128.8694,49.05,68,18,4.61,few clouds
112,Chokurdakh,RU,2021-08-01 22:35:32,70.6333,147.9167,42.28,63,39,8.32,scattered clouds
113,Aklavik,CA,2021-08-01 22:43:23,68.2191,-135.0107,84.92,39,99,15.5,overcast clouds
114,Pevek,RU,2021-08-01 22:36:26,69.7008,170.3133,33.73,95,100,16.2,overcast clouds
115,San Lazaro,BZ,2021-08-01 22:43:24,18.0387,-88.6622,87.58,77,91,6.8,overcast clouds
116,Hay River,CA,2021-08-01 22:43:24,60.8156,-115.7999,82.38,39,75,6.91,broken clouds
117,Taltal,CL,2021-08-01 22:40:20,-25.4,-70.4833,60.35,72,22,2.1,few clouds
118,Nanortalik,GL,2021-08-01 22:35:55,60.1432,-45.2371,48.15,80,100,11.1,overcast clouds
119,Kruisfontein,ZA,2021-08-01 22:36:08,-34.0033,24.7314,55.89,77,86,15.12,overcast clouds
120,Bosaso,SO,2021-08-01 22:43:25,11.2842,49.1816,89.62,41,76,17.34,broken clouds
121,San Cristobal,VE,2021-08-01 22:43:25,7.7669,-72.225,78.98,97,81,5.93,broken clouds
122,Beyneu,KZ,2021-08-01 22:43:25,45.3167,55.2,87.33,15,3,9.31,clear sky
123,Arona,ES,2021-08-01 22:43:26,28.0996,-16.681,65.01,72,0,21.85,clear sky
124,Ottawa,CA,2021-08-01 22:39:18,45.4112,-75.6981,67.75,74,75,1.01,broken clouds
125,Ciudad Bolivar,VE,2021-08-01 22:43:21,8.1222,-63.5497,78.33,84,20,5.73,few clouds
126,Flin Flon,CA,2021-08-01 22:43:26,54.7682,-101.865,85.84,28,1,8.05,smoke
127,Songea,TZ,2021-08-01 22:43:26,-10.6833,35.65,57.81,61,47,3.56,scattered clouds
128,Dom Pedrito,BR,2021-08-01 22:43:27,-30.9828,-54.6731,48.96,85,0,5.46,clear sky
129,Camacha,PT,2021-08-01 22:35:46,33.0833,-16.3333,68.76,78,40,12.66,scattered clouds
130,Saskylakh,RU,2021-08-01 22:35:35,71.9167,114.0833,74.61,42,0,3.47,clear sky
131,Purpe,RU,2021-08-01 22:43:27,64.4803,76.6897,55.96,69,94,11.77,overcast clouds
132,Talnakh,RU,2021-08-01 22:43:27,69.4865,88.3972,56.53,87,100,4.45,overcast clouds
133,Victoria,HK,2021-08-01 22:39:27,22.2855,114.1577,85.32,89,94,1.99,overcast clouds
134,Mar Del Plata,AR,2021-08-01 22:35:44,-38.0023,-57.5575,46.09,31,90,1.99,fog
135,Samfya,ZM,2021-08-01 22:40:55,-11.3649,29.5565,58.42,71,11,8.32,few clouds
136,Ikom,NG,2021-08-01 22:43:28,5.9667,8.7063,72.63,96,100,1.28,light rain
137,Ambilobe,MG,2021-08-01 22:37:50,-13.2,49.05,67.42,81,7,2.71,clear sky
138,Alice Springs,AU,2021-08-01 22:43:16,-23.7,133.8833,54.95,62,40,8.05,scattered clouds
139,Baoying,CN,2021-08-01 22:43:28,33.2292,119.3092,78.08,90,3,3.78,light rain
140,Kudahuvadhoo,MV,2021-08-01 22:37:55,2.6708,72.8944,82.26,72,98,7.09,overcast clouds
141,Upernavik,GL,2021-08-01 22:43:29,72.7868,-56.1549,42.69,80,20,11.59,few clouds
142,Muskogee,US,2021-08-01 22:43:25,35.5834,-95.3336,89.82,58,40,12.66,scattered clouds
143,Erzin,TR,2021-08-01 22:43:29,36.9559,36.2,79.52,74,0,1.34,clear sky
144,Iquique,CL,2021-08-01 22:37:17,-20.2208,-70.1431,59.04,79,97,3.56,overcast clouds
145,Nouadhibou,MR,2021-08-01 22:43:03,20.931,-17.0347,75.18,73,0,14.97,clear sky
146,Cassilandia,BR,2021-08-01 22:43:30,-19.1133,-51.7342,68.29,37,4,5.06,clear sky
147,Aksu,CN,2021-08-01 22:37:29,41.1231,80.2644,74.52,18,58,6.13,broken clouds
148,Husavik,IS,2021-08-01 22:36:28,66.0449,-17.3389,53.51,72,62,1.54,broken clouds
149,Acapulco,MX,2021-08-01 22:43:30,16.8634,-99.8901,89.42,66,20,11.5,few clouds
150,Tottori,JP,2021-08-01 22:36:03,35.5,134.2333,82.47,69,75,10.36,broken clouds
151,Lasa,IT,2021-08-01 22:35:34,46.6166,10.7002,54.86,94,78,6.51,broken clouds
152,North Bend,US,2021-08-01 22:36:09,43.4065,-124.2243,80.24,86,1,20.71,clear sky
153,Saint-Philippe,RE,2021-08-01 22:36:24,-21.3585,55.7679,67.55,76,49,7.78,scattered clouds
154,High Level,CA,2021-08-01 22:43:31,58.5169,-117.136,89.71,37,20,2.3,few clouds
155,Tera,NE,2021-08-01 22:43:31,14.0078,0.7531,84.22,56,28,13.96,scattered clouds
156,Faanui,PF,2021-08-01 22:35:48,-16.4833,-151.75,77.63,68,30,14.38,scattered clouds
157,Catamarca,AR,2021-08-01 22:36:52,-28.4696,-65.7852,59.05,35,0,7.58,clear sky
158,Great Falls,US,2021-08-01 22:43:31,47.5002,-111.3008,97.92,15,1,11.5,clear sky
159,Thompson,CA,2021-08-01 22:35:29,55.7435,-97.8558,84.36,30,20,4.61,smoke
160,Bethel,US,2021-08-01 22:35:38,41.3712,-73.414,73.76,81,90,4.61,light rain
161,Phek,IN,2021-08-01 22:43:32,25.6667,94.5,59.43,99,83,1.14,broken clouds
162,Uruzgan,AF,2021-08-01 22:43:32,32.8333,66.0,73.27,17,0,4.7,clear sky
163,Methven,NZ,2021-08-01 22:43:33,-43.6333,171.65,43.92,74,19,6.4,few clouds
164,Maniitsoq,GL,2021-08-01 22:34:52,65.4167,-52.9,47.21,80,15,5.93,few clouds
165,Katangli,RU,2021-08-01 22:43:33,51.7102,143.2326,56.1,83,100,5.64,overcast clouds
166,Nioro,GM,2021-08-01 22:41:43,13.35,-15.75,75.88,92,54,7.65,broken clouds
167,Fuling,CN,2021-08-01 22:43:33,29.7022,107.3919,80.06,87,0,2.15,clear sky
168,Sayat,TM,2021-08-01 22:43:34,38.7839,63.8803,76.87,17,4,11.34,clear sky
169,Mahebourg,MU,2021-08-01 22:43:34,-20.4081,57.7,66.49,94,75,8.05,light intensity shower rain
170,Toledo,ES,2021-08-01 22:43:34,39.8333,-4.0,76.08,32,58,5.97,broken clouds
171,Roanoke Rapids,US,2021-08-01 22:43:34,36.4615,-77.6542,87.21,89,1,0.0,clear sky
172,Fort Nelson,CA,2021-08-01 22:35:50,58.8053,-122.7002,89.19,40,1,3.44,smoke
173,Shache,CN,2021-08-01 22:43:35,38.4167,77.2406,72.84,45,100,8.79,overcast clouds
174,Severo-Kurilsk,RU,2021-08-01 22:32:14,50.6789,156.125,56.35,70,1,14.63,clear sky
175,Fairbanks,US,2021-08-01 22:31:00,64.8378,-147.7164,77.34,52,75,3.44,broken clouds
176,Nsanje,MW,2021-08-01 22:43:35,-16.92,35.262,61.63,78,0,1.95,clear sky
177,Craig,US,2021-08-01 22:43:36,40.5153,-107.5464,78.17,46,1,18.41,clear sky
178,Melita,CA,2021-08-01 22:37:25,49.2681,-100.9967,86.95,19,21,4.34,few clouds
179,Marsh Harbour,BS,2021-08-01 22:41:14,26.5412,-77.0636,84.92,72,70,10.42,broken clouds
180,Saint Anthony,US,2021-08-01 22:38:58,45.0205,-93.218,80.94,37,40,5.01,scattered clouds
181,Torbay,CA,2021-08-01 22:35:30,47.6666,-52.7314,66.97,70,40,14.97,scattered clouds
182,Road Town,VG,2021-08-01 22:43:36,18.4167,-64.6167,84.24,74,20,6.91,few clouds
183,Mount Gambier,AU,2021-08-01 22:43:37,-37.8333,140.7667,44.51,87,40,12.66,scattered clouds
184,Qinhuangdao,CN,2021-08-01 22:43:37,39.9317,119.5883,72.63,82,36,6.02,light rain
185,Santana Do Matos,BR,2021-08-01 22:43:37,-5.9575,-36.6556,77.34,60,38,21.54,scattered clouds
186,Pangnirtung,CA,2021-08-01 22:35:31,66.1451,-65.7125,52.99,72,100,3.11,overcast clouds
187,Bredasdorp,ZA,2021-08-01 22:35:28,-34.5322,20.0403,56.52,77,86,3.44,overcast clouds
188,Cherskiy,RU,2021-08-01 22:33:11,68.75,161.3,39.51,73,96,19.64,overcast clouds
189,Bud,US,2021-08-01 22:43:38,39.447,-86.1758,80.55,57,9,10.6,clear sky
190,Avera,US,2021-08-01 22:37:02,33.194,-82.5271,96.67,58,56,13.51,broken clouds
191,Senador Guiomard,BR,2021-08-01 22:43:38,-10.1522,-67.7392,83.95,35,1,5.01,clear sky
192,Eyl,SO,2021-08-01 22:43:39,7.9803,49.8164,81.39,65,45,30.4,scattered clouds
193,Aquiraz,BR,2021-08-01 22:43:39,-3.9014,-38.3911,80.69,80,85,8.79,overcast clouds
194,Bambous Virieux,MU,2021-08-01 22:35:47,-20.3428,57.7575,66.45,94,75,8.05,light intensity shower rain
195,Vestmannaeyjar,IS,2021-08-01 22:35:47,63.4427,-20.2734,53.94,91,92,5.93,overcast clouds
196,Tasiilaq,GL,2021-08-01 22:36:43,65.6145,-37.6368,53.76,77,50,4.88,scattered clouds
197,Wajid,SO,2021-08-01 22:43:40,3.8093,43.2471,71.58,74,63,19.66,broken clouds
198,Kirishi,RU,2021-08-01 22:43:40,59.4471,32.0205,56.77,88,43,4.99,scattered clouds
199,Belmonte,BR,2021-08-01 22:43:40,-15.8631,-38.8828,66.7,68,91,14.7,overcast clouds
200,Salisbury,GB,2021-08-01 22:43:40,51.0693,-1.7957,61.48,90,75,6.91,broken clouds
201,Iqaluit,CA,2021-08-01 22:43:41,63.7506,-68.5145,53.33,76,90,1.99,overcast clouds
202,Westport,US,2021-08-01 22:36:18,41.1415,-73.3579,75.09,60,90,1.01,overcast clouds
203,Bartica,GY,2021-08-01 22:43:41,6.4,-58.6167,79.12,97,87,1.72,overcast clouds
204,Hami,CN,2021-08-01 22:39:09,42.8,93.45,68.04,45,63,6.13,broken clouds
205,Adamas,GR,2021-08-01 22:43:42,36.7333,24.4333,81.82,74,0,7.87,clear sky
206,Komsomolskiy,UZ,2021-08-01 22:43:42,40.4272,71.7189,76.42,29,96,0.89,overcast clouds
207,Lompoc,US,2021-08-01 22:43:42,34.6391,-120.4579,89.13,61,1,16.11,clear sky
208,Raudeberg,NO,2021-08-01 22:43:42,61.9875,5.1352,52.86,77,9,16.42,clear sky
209,Meulaboh,ID,2021-08-01 22:39:40,4.1363,96.1285,74.62,89,100,5.08,overcast clouds
210,Ciudad Guayana,VE,2021-08-01 22:43:43,8.3533,-62.6528,75.65,89,83,3.04,broken clouds
211,Baft,IR,2021-08-01 22:43:43,29.234,56.6057,73.04,39,100,8.99,overcast clouds
212,Hofn,IS,2021-08-01 22:37:24,64.2539,-15.2082,53.65,95,99,3.27,overcast clouds
213,Greeley,US,2021-08-01 22:39:35,40.4233,-104.7091,86.05,36,1,4.0,clear sky
214,Sitka,US,2021-08-01 22:43:44,57.0531,-135.33,64.29,72,75,5.75,broken clouds
215,Jishou,CN,2021-08-01 22:43:44,28.3167,109.7167,78.57,80,5,1.36,clear sky
216,Fort-Shevchenko,KZ,2021-08-01 22:43:44,44.5086,50.263,84.09,39,13,11.07,few clouds
217,Dinghai,CN,2021-08-01 22:43:44,26.2847,119.7936,77.92,86,100,4.7,overcast clouds
218,Altay,CN,2021-08-01 22:43:45,47.8667,88.1167,57.29,56,21,3.65,few clouds
219,Berlevag,NO,2021-08-01 22:43:45,70.8578,29.0864,45.88,94,100,18.7,light rain
220,Longyearbyen,SJ,2021-08-01 22:39:50,78.2186,15.6401,44.44,76,75,13.8,light rain
221,Jilin,CN,2021-08-01 22:43:45,43.0,126.0,69.78,98,100,2.24,light rain
222,Arraial Do Cabo,BR,2021-08-01 22:35:53,-22.9661,-42.0278,64.26,77,0,9.22,clear sky
223,Sorland,NO,2021-08-01 22:36:27,67.667,12.6934,49.28,72,84,12.95,broken clouds
224,Lorengau,PG,2021-08-01 22:43:46,-2.0226,147.2712,85.41,71,29,11.27,scattered clouds
225,Constantine,DZ,2021-08-01 22:36:47,36.365,6.6147,72.81,78,0,10.36,clear sky
226,Zhangye,CN,2021-08-01 22:37:29,38.9342,100.4517,71.29,42,100,16.35,overcast clouds
227,Tuktoyaktuk,CA,2021-08-01 22:35:51,69.4541,-133.0374,69.8,73,75,10.36,broken clouds
228,Alta Floresta,BR,2021-08-01 22:43:46,-9.8756,-56.0861,82.11,32,27,5.35,scattered clouds
229,Sao Filipe,CV,2021-08-01 22:35:52,14.8961,-24.4956,76.01,76,9,4.5,clear sky
230,Provideniya,RU,2021-08-01 22:36:28,64.3833,-173.3,42.91,75,90,20.13,light rain
231,Saint George,US,2021-08-01 22:43:47,37.1041,-113.5841,98.38,27,1,1.01,clear sky
232,Sovetskiy,RU,2021-08-01 22:41:12,61.3614,63.5842,54.18,96,11,6.4,few clouds
233,Rio Grande,BR,2021-08-01 22:43:47,-32.035,-52.0986,46.94,93,18,6.02,few clouds
234,Inverness,GB,2021-08-01 22:43:48,57.4791,-4.224,53.83,77,90,3.44,overcast clouds
235,Baykit,RU,2021-08-01 22:43:48,61.67,96.37,60.19,93,100,1.39,overcast clouds
236,Valdez,EC,2021-08-01 22:43:48,1.2492,-78.9831,78.35,85,11,14.99,few clouds
237,Coquimbo,CL,2021-08-01 22:37:06,-29.9533,-71.3436,55.13,94,75,8.05,broken clouds
238,Mnogovershinnyy,RU,2021-08-01 22:43:49,53.9353,139.9242,59.68,68,99,2.17,overcast clouds
239,Colac,AU,2021-08-01 22:36:46,-38.3333,143.5833,45.63,83,7,7.47,clear sky
240,Barcelos,PT,2021-08-01 22:43:49,41.5388,-8.6151,65.91,96,100,4.5,overcast clouds
241,Havoysund,NO,2021-08-01 22:43:16,70.9963,24.6622,45.48,82,100,9.55,overcast clouds
242,San Carlos,VE,2021-08-01 22:34:09,9.6612,-68.5827,73.81,96,88,2.89,overcast clouds
243,Maridi,SS,2021-08-01 22:43:50,4.9158,29.4742,65.48,98,85,5.41,light rain
244,Zhezkazgan,KZ,2021-08-01 22:43:50,47.8043,67.7144,79.52,31,61,8.68,broken clouds
245,Soeng Sang,TH,2021-08-01 22:43:50,14.4264,102.4606,82.0,79,86,6.78,overcast clouds
246,Nedjo,ET,2021-08-01 22:43:50,9.5046,35.5019,57.18,92,100,1.12,overcast clouds
247,Zhigansk,RU,2021-08-01 22:43:51,66.7697,123.3711,67.1,59,40,15.64,scattered clouds
248,Syava,RU,2021-08-01 22:43:51,58.0146,46.3222,67.03,66,98,6.15,overcast clouds
249,Sao Joao Batista,BR,2021-08-01 22:43:51,-27.2761,-48.8494,66.04,95,100,0.94,overcast clouds
250,Denpasar,ID,2021-08-01 22:43:52,-8.65,115.2167,78.46,94,40,10.36,scattered clouds
251,Celestun,MX,2021-08-01 22:43:52,20.8667,-90.4,84.45,74,74,15.26,broken clouds
252,Paulo Afonso,BR,2021-08-01 22:43:52,-9.4061,-38.2147,68.58,76,80,10.56,broken clouds
253,Fortuna,US,2021-08-01 22:43:53,40.5982,-124.1573,69.93,71,40,4.0,scattered clouds
254,Sept-Iles,CA,2021-08-01 22:34:58,50.2001,-66.3821,66.72,71,75,8.01,broken clouds
255,Lapithos,CY,2021-08-01 22:43:53,35.3375,33.1792,84.92,58,0,12.77,clear sky
256,Tevaitoa,PF,2021-08-01 22:43:53,-16.7833,-151.5,77.09,69,32,14.63,scattered clouds
257,Kankan,GN,2021-08-01 22:43:54,10.3854,-9.3057,71.78,95,99,4.88,light rain
258,Yako,BF,2021-08-01 22:43:54,12.9667,-2.2667,79.66,67,10,8.99,clear sky
259,La Asuncion,VE,2021-08-01 22:43:54,11.0333,-63.8628,87.53,74,2,12.66,clear sky
260,Georgetown,MY,2021-08-01 22:31:32,5.4112,100.3354,75.88,92,20,0.0,few clouds
261,Inirida,CO,2021-08-01 22:35:42,3.8653,-67.9239,72.57,97,58,2.66,broken clouds
262,Kismayo,SO,2021-08-01 22:43:55,-0.3582,42.5454,75.0,85,54,18.57,light rain
263,Aksarka,RU,2021-08-01 22:43:55,66.5606,67.7975,56.1,98,100,5.99,overcast clouds
264,Yambio,SS,2021-08-01 22:43:55,4.5721,28.3955,67.23,99,100,5.55,light rain
265,College,US,2021-08-01 22:43:56,64.8569,-147.8028,78.01,50,75,0.0,broken clouds
266,Dunedin,NZ,2021-08-01 22:32:20,-45.8742,170.5036,49.8,78,98,18.99,overcast clouds
267,Portland,US,2021-08-01 22:43:42,45.5234,-122.6762,96.21,39,20,1.01,few clouds
268,Neiafu,TO,2021-08-01 22:43:56,-18.65,-173.9833,77.68,65,20,12.66,few clouds
269,Waingapu,ID,2021-08-01 22:43:56,-9.6567,120.2641,76.21,79,31,7.61,scattered clouds
270,Luau,AO,2021-08-01 22:43:57,-10.7073,22.2247,61.61,37,21,3.78,few clouds
271,Durres,AL,2021-08-01 22:43:57,41.3231,19.4414,78.98,56,0,9.8,clear sky
272,Biltine,TD,2021-08-01 22:35:58,14.5333,20.9167,71.2,87,100,14.7,overcast clouds
273,Lebu,CL,2021-08-01 22:40:48,-37.6167,-73.65,50.11,77,39,16.55,scattered clouds
274,Manicore,BR,2021-08-01 22:43:57,-5.8092,-61.3003,81.54,41,21,0.92,few clouds
275,Bac Lieu,VN,2021-08-01 22:43:58,9.285,105.7244,78.78,85,64,10.96,broken clouds
276,Piney Green,US,2021-08-01 22:43:58,34.716,-77.3202,75.38,100,90,10.36,thunderstorm with light rain
277,Balkanabat,TM,2021-08-01 22:37:57,39.5108,54.3671,87.26,12,47,4.92,scattered clouds
278,Itarema,BR,2021-08-01 22:37:29,-2.9248,-39.9167,79.0,73,84,14.14,broken clouds
279,Freeport,US,2021-08-01 22:43:59,40.6576,-73.5832,75.22,67,20,5.01,few clouds
280,Heihe,CN,2021-08-01 22:43:59,50.2441,127.4902,57.78,85,100,2.28,overcast clouds
281,Kommunisticheskiy,RU,2021-08-01 22:43:59,61.6789,64.4819,53.6,98,18,5.3,few clouds
282,Castro,BR,2021-08-01 22:33:03,-24.7911,-50.0119,47.48,88,69,2.57,broken clouds
283,Matay,EG,2021-08-01 22:44:00,28.419,30.7792,87.01,27,0,10.04,clear sky
284,Siguiri,GN,2021-08-01 22:44:00,11.6667,-9.5,71.46,97,80,3.51,light rain
285,Sobolevo,RU,2021-08-01 22:44:00,54.4299,31.8996,65.28,79,100,6.04,overcast clouds
286,Sorong,ID,2021-08-01 22:44:01,-0.8833,131.25,79.9,86,32,10.56,scattered clouds
287,Elizabeth City,US,2021-08-01 22:44:01,36.2946,-76.2511,83.01,93,20,5.01,few clouds
288,Ust-Nera,RU,2021-08-01 22:38:09,64.5667,143.2,54.14,57,1,3.74,clear sky
289,Kahului,US,2021-08-01 22:43:43,20.8947,-156.47,85.26,62,20,28.77,few clouds
290,Chipinge,ZW,2021-08-01 22:43:31,-20.1883,32.6236,51.84,51,0,2.66,clear sky
291,Damara,CF,2021-08-01 22:44:02,4.9608,18.7035,74.62,93,100,2.71,overcast clouds
292,Yumen,CN,2021-08-01 22:35:54,40.2833,97.2,65.34,45,96,7.29,overcast clouds
293,Chokwe,MZ,2021-08-01 22:44:02,-24.5333,32.9833,62.92,52,0,6.15,clear sky
294,Harper,LR,2021-08-01 22:36:26,4.375,-7.7169,76.55,77,87,6.26,overcast clouds
295,San Jeronimo,PE,2021-08-01 22:44:02,-11.9472,-75.2829,51.64,62,90,6.22,overcast clouds
296,Benguela,AO,2021-08-01 22:41:41,-12.5763,13.4055,70.16,88,6,4.21,clear sky
297,Naze,JP,2021-08-01 22:41:50,28.3667,129.4833,81.52,86,91,13.87,overcast clouds
298,Bubaque,GW,2021-08-01 22:44:03,11.2833,-15.8333,79.79,81,89,19.35,light rain
299,Nagato,JP,2021-08-01 22:41:53,34.3833,131.2,82.31,91,100,8.48,overcast clouds
300,Oistins,BB,2021-08-01 22:40:52,13.0667,-59.5333,82.49,74,20,11.5,few clouds
301,Tuatapere,NZ,2021-08-01 22:35:33,-46.1333,167.6833,44.82,91,100,2.59,overcast clouds
302,Leningradskiy,RU,2021-08-01 22:36:17,69.3833,178.4167,34.86,97,100,18.45,light rain
303,Plouzane,FR,2021-08-01 22:44:04,48.3833,-4.6167,60.85,94,90,2.3,overcast clouds
304,Siocon,PH,2021-08-01 22:44:04,7.7061,122.1353,80.71,87,92,5.14,overcast clouds
305,Pathanamthitta,IN,2021-08-01 22:44:04,9.2667,76.7833,73.62,91,99,2.33,overcast clouds
306,Ust-Kulom,RU,2021-08-01 22:36:29,61.6864,53.6902,52.57,95,2,4.97,clear sky
307,Hualmay,PE,2021-08-01 22:41:46,-11.0964,-77.6139,65.44,78,10,9.17,clear sky
308,Carnarvon,AU,2021-08-01 22:35:26,-24.8667,113.6333,48.27,68,0,10.36,clear sky
309,Anjar,IN,2021-08-01 22:44:05,23.1333,70.0167,80.6,80,99,19.89,light rain
310,Muli,MV,2021-08-01 22:39:56,2.9167,73.5667,81.95,74,100,9.08,light rain
311,Kavieng,PG,2021-08-01 22:36:14,-2.5744,150.7967,83.28,74,4,8.88,clear sky
312,Deep River,CA,2021-08-01 22:44:05,46.1001,-77.4995,63.43,68,85,3.53,overcast clouds
313,Acarau,BR,2021-08-01 22:44:06,-2.8856,-40.12,78.62,75,85,14.09,overcast clouds
314,Fengzhen,CN,2021-08-01 22:44:06,40.4394,113.1536,58.69,78,34,7.31,scattered clouds
315,Soubre,CI,2021-08-01 22:44:06,5.7856,-6.6083,71.13,98,95,2.53,overcast clouds
316,Poitiers,FR,2021-08-01 22:41:15,46.5833,0.3333,61.21,82,0,6.91,clear sky
317,Paungde,MM,2021-08-01 22:44:07,18.4833,95.5,76.15,95,100,7.85,overcast clouds
318,Lucea,JM,2021-08-01 22:44:07,18.451,-78.1736,84.06,74,59,2.01,broken clouds
319,Sibu,MY,2021-08-01 22:41:33,2.3,111.8167,73.71,100,40,5.99,scattered clouds
320,Lima,PE,2021-08-01 22:44:07,-12.0432,-77.0282,63.9,81,90,6.91,overcast clouds
321,Doha,QA,2021-08-01 22:36:08,25.2867,51.5333,98.58,46,0,3.44,clear sky
322,Broome,US,2021-08-01 22:37:17,42.2506,-75.833,63.19,96,90,1.01,light rain
323,Vao,NC,2021-08-01 22:40:42,-22.6667,167.4833,66.79,55,50,9.37,scattered clouds
324,Key West,US,2021-08-01 22:44:08,24.5557,-81.7826,91.4,62,1,5.75,clear sky
325,Grindavik,IS,2021-08-01 22:41:02,63.8424,-22.4338,53.56,93,90,2.3,overcast clouds
326,Chusovoy,RU,2021-08-01 22:44:08,58.3013,57.8131,55.02,97,94,2.13,overcast clouds
327,Vardo,NO,2021-08-01 22:36:35,70.3705,31.1107,55.6,97,100,6.26,overcast clouds
328,Kasane,BW,2021-08-01 22:44:09,-17.8167,25.15,56.07,50,0,4.0,clear sky
329,Mutis,CO,2021-08-01 22:44:09,6.2262,-77.4044,79.79,87,95,5.91,overcast clouds
330,Comodoro Rivadavia,AR,2021-08-01 22:43:29,-45.8667,-67.5,64.26,19,0,13.8,clear sky
331,Honningsvag,NO,2021-08-01 22:44:10,70.9821,25.9704,45.12,81,100,16.37,overcast clouds
332,Gravelbourg,CA,2021-08-01 22:44:10,49.8834,-106.5512,88.07,17,54,6.53,broken clouds
333,Bayshore Gardens,US,2021-08-01 22:44:10,27.4253,-82.5904,91.44,60,1,11.5,clear sky
334,Hamadan,IR,2021-08-01 22:44:11,34.7992,48.5146,69.55,34,58,4.29,broken clouds
335,Grand Gaube,MU,2021-08-01 22:36:39,-20.0064,57.6608,66.6,83,27,1.99,moderate rain
336,Tual,ID,2021-08-01 22:35:52,-5.6667,132.75,81.3,78,47,11.45,light rain
337,Iwanai,JP,2021-08-01 22:44:11,42.9744,140.5089,75.34,98,100,3.22,overcast clouds
338,Kaihua,CN,2021-08-01 22:44:11,23.3687,104.28,64.11,89,32,4.34,scattered clouds
339,Warmbad,NA,2021-08-01 22:44:12,-28.45,18.7333,58.51,23,4,4.07,clear sky
340,Birao,CF,2021-08-01 22:37:16,10.2849,22.7882,69.62,95,61,6.11,broken clouds
341,Nishihara,JP,2021-08-01 22:37:59,26.1842,127.7558,82.06,89,75,18.41,broken clouds
342,Eureka,US,2021-08-01 22:36:42,40.8021,-124.1637,71.2,72,56,8.01,broken clouds
343,Kefamenanu,ID,2021-08-01 22:44:12,-9.4467,124.4781,72.55,77,77,4.59,broken clouds
344,Buenos Aires,AR,2021-08-01 22:42:24,-34.6132,-58.3772,53.96,85,0,6.91,clear sky
345,Labuhan,ID,2021-08-01 22:44:13,-6.8844,112.2051,75.99,80,10,9.48,clear sky
346,Chalinze,TZ,2021-08-01 22:44:13,-6.6378,38.354,66.25,87,21,3.06,few clouds
347,Turukhansk,RU,2021-08-01 22:44:13,65.8167,87.9833,56.66,80,36,7.18,scattered clouds
348,Juneau,US,2021-08-01 22:44:13,58.3019,-134.4197,73.4,79,40,9.22,scattered clouds
349,Gat,IL,2021-08-01 22:42:35,31.61,34.7642,84.4,55,0,2.1,clear sky
350,Hatillo,PR,2021-08-01 22:44:14,18.4863,-66.8254,85.01,78,5,16.89,clear sky
351,Beringovskiy,RU,2021-08-01 22:36:05,63.05,179.3167,46.92,76,38,18.84,scattered clouds
352,Nauta,PE,2021-08-01 22:44:14,-4.5061,-73.5757,75.92,69,62,1.3,broken clouds
353,Mankono,CI,2021-08-01 22:44:14,8.0586,-6.1897,69.84,96,51,4.63,broken clouds
354,Lardos,GR,2021-08-01 22:44:15,36.0942,28.0157,87.62,56,0,7.63,clear sky
355,Promyshlennovskiy,RU,2021-08-01 22:44:15,55.4833,86.2,59.77,90,73,1.77,broken clouds
356,Krasnoselkup,RU,2021-08-01 22:44:15,65.7,82.4667,55.17,80,92,7.49,overcast clouds
357,Pucallpa,PE,2021-08-01 22:44:16,-8.3791,-74.5539,84.24,58,40,5.75,scattered clouds
358,Rawson,AR,2021-08-01 22:44:16,-43.3002,-65.1023,57.96,36,24,9.98,few clouds
359,Clyde River,CA,2021-08-01 22:44:16,70.4692,-68.5914,44.83,81,75,18.41,broken clouds
360,Kavaratti,IN,2021-08-01 22:36:36,10.5669,72.642,81.97,77,82,15.64,broken clouds
361,Gravdal,NO,2021-08-01 22:44:17,68.1214,13.5031,47.82,77,88,11.74,overcast clouds
362,Kishorganj,BD,2021-08-01 22:44:17,24.4333,90.7667,77.05,98,100,7.14,moderate rain
363,Mount Darwin,ZW,2021-08-01 22:44:17,-16.7725,31.5838,51.08,79,1,2.64,clear sky
364,Katsuura,JP,2021-08-01 22:44:18,35.1333,140.3,85.19,76,4,5.3,clear sky
365,Cabedelo,BR,2021-08-01 22:37:05,-6.9811,-34.8339,75.87,78,4,17.56,clear sky
366,Caconda,AO,2021-08-01 22:44:18,-13.7333,15.0667,57.43,33,21,2.28,few clouds
367,Kenai,US,2021-08-01 22:37:09,60.5544,-151.2583,74.03,53,1,9.22,clear sky
368,Jiaozuo,CN,2021-08-01 22:44:18,35.2397,113.2331,78.64,75,18,0.98,light rain
369,Mrakovo,RU,2021-08-01 22:44:19,52.7161,56.6244,64.98,55,72,1.48,broken clouds
370,Biryusinsk,RU,2021-08-01 22:44:19,55.9634,97.8235,55.02,98,100,2.89,overcast clouds
371,Auki,SB,2021-08-01 22:44:19,-8.7676,160.7034,82.45,70,93,7.85,overcast clouds
372,Kuytun,RU,2021-08-01 22:44:19,54.3419,101.5036,54.79,96,100,10.92,light rain
373,Barra Do Garcas,BR,2021-08-01 22:44:20,-15.89,-52.2567,77.18,31,5,2.01,clear sky
374,Arak,IR,2021-08-01 22:44:20,34.0917,49.6892,73.67,31,38,4.09,scattered clouds
375,Hovd,MN,2021-08-01 22:37:23,48.0056,91.6419,54.32,63,4,2.06,clear sky
376,Dawei,MM,2021-08-01 22:38:01,14.0833,98.2,77.0,93,100,8.39,overcast clouds
377,Umm Kaddadah,SD,2021-08-01 22:34:07,13.6017,26.6876,81.73,61,16,19.69,few clouds
378,Barkly West,ZA,2021-08-01 22:44:21,-28.5354,24.5215,40.28,37,25,5.17,scattered clouds
379,Kijang,KR,2021-08-01 22:36:01,35.2442,129.2139,83.93,78,81,4.9,broken clouds
380,Manzhouli,CN,2021-08-01 22:36:21,49.6,117.4333,61.74,66,10,6.53,clear sky
381,Nemuro,JP,2021-08-01 22:43:27,43.3236,145.575,66.04,99,100,7.25,overcast clouds
382,Nikolayevka,RU,2021-08-01 22:44:21,53.1257,47.2041,68.97,62,87,2.71,overcast clouds
383,Tanda,IN,2021-08-01 22:44:21,26.55,82.65,77.2,88,89,6.82,light rain
384,Dungarpur,IN,2021-08-01 22:44:22,23.8333,73.7167,75.0,89,100,18.88,moderate rain
385,Port Hedland,AU,2021-08-01 22:38:04,-20.3167,118.5667,60.85,41,0,13.8,clear sky
386,Santiago De Cao,PE,2021-08-01 22:44:22,-7.9589,-79.2392,64.53,88,90,11.5,fog
387,Huarmey,PE,2021-08-01 22:37:53,-10.0681,-78.1522,66.79,78,13,9.86,few clouds
388,Kysyl-Syr,RU,2021-08-01 22:44:22,63.8986,122.7617,70.97,54,95,5.86,overcast clouds
389,Santiago Del Estero,AR,2021-08-01 22:34:17,-27.7951,-64.2615,54.81,27,0,4.16,clear sky
390,Conceicao Do Araguaia,BR,2021-08-01 22:44:23,-8.2578,-49.2647,86.13,45,0,3.44,clear sky
391,Quthing,LS,2021-08-01 22:44:23,-30.4,27.7003,44.47,33,59,0.98,broken clouds
392,Sabha,LY,2021-08-01 22:44:23,27.0377,14.4283,88.16,12,0,3.62,clear sky
393,Naliya,IN,2021-08-01 22:37:24,23.2667,68.8333,81.09,82,100,19.44,overcast clouds
394,Constitucion,CL,2021-08-01 22:40:56,-35.3333,-72.4167,54.05,68,0,8.61,clear sky
395,Luderitz,NA,2021-08-01 22:36:58,-26.6481,15.1594,64.96,37,0,6.02,clear sky
396,Mecca,SA,2021-08-01 22:44:06,21.4267,39.8261,87.8,49,12,6.04,few clouds
397,Pontianak,ID,2021-08-01 22:44:24,-0.0333,109.3333,76.98,94,75,0.0,broken clouds
398,Rock Springs,US,2021-08-01 22:35:45,41.5875,-109.2029,80.04,46,1,3.0,clear sky
399,Baikunthpur,IN,2021-08-01 22:44:25,23.25,82.55,72.07,92,100,5.84,overcast clouds
400,Plettenberg Bay,ZA,2021-08-01 22:44:25,-34.0527,23.3716,59.25,78,78,8.75,light rain
401,Mersin,TR,2021-08-01 22:44:25,36.862,34.6509,81.75,53,0,4.14,clear sky
402,Codrington,AU,2021-08-01 22:35:28,-38.2667,141.9667,46.09,81,0,16.78,clear sky
403,Salitral,PE,2021-08-01 22:44:25,-4.8572,-80.6811,78.44,49,0,16.96,clear sky
404,Coihaique,CL,2021-08-01 22:44:26,-45.5752,-72.0662,51.75,62,90,4.61,light rain
405,Cidreira,BR,2021-08-01 22:44:26,-30.1811,-50.2056,56.86,93,90,8.03,overcast clouds
406,Marsa Matruh,EG,2021-08-01 22:44:26,31.3525,27.2453,80.8,89,0,9.22,clear sky
407,Oriximina,BR,2021-08-01 22:38:00,-1.7656,-55.8661,80.87,66,75,1.86,broken clouds
408,Mitsamiouli,KM,2021-08-01 22:36:37,-11.3847,43.2844,75.96,73,2,5.12,clear sky
409,Waddan,LY,2021-08-01 22:44:27,29.1614,16.139,84.7,25,0,9.31,clear sky
410,Ostersund,SE,2021-08-01 22:44:27,63.1792,14.6357,46.85,76,28,10.36,scattered clouds
411,Itoman,JP,2021-08-01 22:44:27,26.1247,127.6694,82.78,92,75,19.57,broken clouds
412,Port Augusta,AU,2021-08-01 22:36:57,-32.5,137.7667,50.14,49,1,16.64,clear sky
413,San Carlos De Bariloche,AR,2021-08-01 22:40:03,-41.1456,-71.3082,48.43,50,75,2.3,broken clouds
414,Geraldton,AU,2021-08-01 22:44:28,-28.7667,114.6,43.21,93,40,8.05,scattered clouds
415,Arbuzynka,UA,2021-08-01 22:44:28,47.9097,31.3196,71.29,74,3,6.76,clear sky
416,Valentin Gomez Farias,MX,2021-08-01 22:44:28,28.2167,-106.5833,78.73,47,81,4.88,broken clouds
417,Saint-Augustin,CA,2021-08-01 22:44:29,51.226,-58.6502,59.49,82,89,14.36,overcast clouds
418,Afogados Da Ingazeira,BR,2021-08-01 22:44:29,-7.7508,-37.6392,66.72,83,94,13.4,overcast clouds
419,Kambove,CD,2021-08-01 22:44:29,-10.8764,26.5969,56.64,57,29,3.6,scattered clouds
420,Ngama,TD,2021-08-01 22:44:30,11.7833,17.1667,75.56,81,100,6.62,overcast clouds
421,Balad,IQ,2021-08-01 22:44:30,34.0164,44.1453,96.87,11,1,11.95,clear sky
422,Porto Novo,BJ,2021-08-01 22:35:51,6.4965,2.6036,78.62,88,56,4.97,broken clouds
423,Channel-Port Aux Basques,CA,2021-08-01 22:44:30,47.5702,-59.1367,60.39,85,1,6.53,clear sky
424,Pocone,BR,2021-08-01 22:44:31,-16.2567,-56.6228,77.4,26,0,6.76,clear sky
425,Saint-Francois,FR,2021-08-01 22:37:22,46.4154,3.9054,60.24,82,0,2.3,clear sky
426,Goderich,CA,2021-08-01 22:44:31,43.7501,-81.7165,66.9,72,73,16.11,broken clouds
427,Kearney,US,2021-08-01 22:44:31,40.6995,-99.0815,80.51,41,20,10.36,few clouds
428,Pacific Grove,US,2021-08-01 22:35:58,36.6177,-121.9166,84.81,71,1,1.99,clear sky
429,Bulgan,MN,2021-08-01 22:44:32,48.8125,103.5347,56.86,98,100,2.13,overcast clouds
430,Camacupa,AO,2021-08-01 22:44:32,-12.0167,17.4833,58.68,34,1,2.26,clear sky
431,Gilgit,PK,2021-08-01 22:44:32,35.9221,74.3087,77.79,63,56,0.96,broken clouds
432,Lugovoy,KZ,2021-08-01 22:44:33,42.9472,72.7644,69.48,26,67,3.24,broken clouds
433,Tabou,CI,2021-08-01 22:37:43,4.423,-7.3528,76.6,79,90,6.31,overcast clouds
434,Chardara,KZ,2021-08-01 22:44:33,41.2547,67.9692,73.65,31,45,4.81,scattered clouds
435,Emirdag,TR,2021-08-01 22:44:33,39.0197,31.15,67.73,40,0,3.47,clear sky
436,Edson,CA,2021-08-01 22:44:34,53.5835,-116.4356,77.14,53,1,2.3,clear sky
437,Manaure,CO,2021-08-01 22:44:34,11.7751,-72.4445,87.46,60,7,23.42,clear sky
438,Acajutla,SV,2021-08-01 22:37:31,13.5928,-89.8275,98.94,74,63,6.04,broken clouds
439,Kasongo-Lunda,CD,2021-08-01 22:35:46,-6.4667,16.8167,72.79,28,97,0.54,overcast clouds
440,Catalina,US,2021-08-01 22:44:34,32.5056,-110.9211,97.88,35,96,1.99,overcast clouds
441,Aswan,EG,2021-08-01 22:36:40,24.0934,32.907,94.3,13,0,4.61,clear sky
442,Luyang,CN,2021-08-01 22:44:35,27.6239,110.0989,78.17,82,1,0.92,clear sky
443,Batagay-Alyta,RU,2021-08-01 22:44:35,67.8006,130.4114,63.88,47,1,3.18,clear sky
444,Artyom,AZ,2021-08-01 22:44:35,40.4723,50.333,71.74,68,37,8.34,scattered clouds
445,Pandan,PH,2021-08-01 22:44:36,14.0453,124.1694,83.25,76,100,13.13,overcast clouds
446,Gigmoto,PH,2021-08-01 22:44:36,13.7796,124.39,82.62,77,100,8.19,overcast clouds
447,Yar-Sale,RU,2021-08-01 22:44:36,66.8333,70.8333,54.81,97,100,16.06,light rain
448,Tabuk,PH,2021-08-01 22:44:37,17.4189,121.4443,79.65,80,100,1.28,overcast clouds
449,Hailun,CN,2021-08-01 22:44:37,47.45,126.9333,61.2,90,100,8.32,overcast clouds
450,Lanzhou,CN,2021-08-01 22:44:37,36.0564,103.7922,69.08,44,22,0.11,few clouds
451,Puerto Del Rosario,ES,2021-08-01 22:36:31,28.5004,-13.8627,71.35,73,20,19.57,few clouds
452,Srednekolymsk,RU,2021-08-01 22:36:47,67.45,153.6833,40.53,64,100,10.54,overcast clouds
453,Raga,SS,2021-08-01 22:44:38,8.4596,25.678,67.78,94,95,4.21,overcast clouds
454,Dalvik,IS,2021-08-01 22:44:38,65.9702,-18.5286,53.53,82,100,1.12,overcast clouds
455,Kuvshinovo,RU,2021-08-01 22:44:38,57.0295,34.1725,59.04,71,97,4.68,light rain
456,Tarko-Sale,RU,2021-08-01 22:44:39,64.9225,77.785,56.52,67,95,11.14,overcast clouds
457,Petropavlovsk-Kamchatskiy,RU,2021-08-01 22:36:36,53.0452,158.6483,59.59,82,0,6.71,clear sky
458,Mahibadhoo,MV,2021-08-01 22:40:14,3.7833,72.9667,81.82,76,100,9.06,overcast clouds
459,Calabozo,VE,2021-08-01 22:37:55,8.9242,-67.4293,74.3,95,85,3.62,overcast clouds
460,Aguimes,ES,2021-08-01 22:44:39,27.9054,-15.4461,69.66,68,20,26.46,few clouds
461,Asekeyevo,RU,2021-08-01 22:44:40,53.5742,52.7972,67.75,53,73,1.7,broken clouds
462,Kiunga,PG,2021-08-01 22:44:40,-6.1219,141.2906,74.64,89,87,3.62,overcast clouds
463,Tarakan,ID,2021-08-01 22:44:40,3.3,117.6333,76.5,94,40,3.44,scattered clouds
464,Oyama,JP,2021-08-01 22:44:40,36.3,139.8,87.66,66,23,4.88,few clouds
465,Amahai,ID,2021-08-01 22:44:41,-3.3333,128.9167,78.58,84,20,1.95,few clouds
466,Yatou,CN,2021-08-01 22:44:17,37.15,122.3833,76.53,79,0,1.92,clear sky
467,Sri Aman,MY,2021-08-01 22:44:41,1.2376,111.4621,75.25,94,99,0.0,light rain
468,Hibbing,US,2021-08-01 22:44:42,47.4272,-92.9377,74.62,40,20,8.05,few clouds
469,Ormara,PK,2021-08-01 22:43:06,25.2088,64.6357,81.5,86,98,13.73,overcast clouds
470,Magadan,RU,2021-08-01 22:44:42,59.5667,150.8,54.5,50,3,19.17,clear sky
471,Tura,IN,2021-08-01 22:36:20,25.5198,90.2201,73.45,98,90,3.4,moderate rain
472,Florianopolis,BR,2021-08-01 22:44:02,-27.6146,-48.5012,60.37,79,75,8.05,broken clouds
473,La Rioja,ES,2021-08-01 22:42:45,42.25,-2.5,54.05,87,22,4.34,few clouds
474,Kokopo,PG,2021-08-01 22:38:07,-4.352,152.2633,81.59,75,8,11.52,clear sky
475,Pochutla,MX,2021-08-01 22:44:43,15.7432,-96.4661,90.45,72,66,4.72,broken clouds
476,Kushmurun,KZ,2021-08-01 22:44:43,52.4503,64.6311,69.69,72,10,6.6,clear sky
477,Waipawa,NZ,2021-08-01 22:42:41,-41.4122,175.5153,50.45,67,93,3.42,overcast clouds
478,Axim,GH,2021-08-01 22:35:53,4.8699,-2.2405,75.67,90,24,4.79,few clouds
479,Quatre Cocos,MU,2021-08-01 22:44:43,-20.2078,57.7625,66.31,66,53,14.5,broken clouds
480,Tazmalt,DZ,2021-08-01 22:37:34,36.3868,4.3989,75.94,75,99,4.7,overcast clouds
481,Yanam,IN,2021-08-01 22:38:03,16.7333,82.2167,83.21,62,100,5.17,overcast clouds
482,Lexington Park,US,2021-08-01 22:44:44,38.2668,-76.4538,83.88,77,75,4.61,broken clouds
483,Churapcha,RU,2021-08-01 22:44:44,62.0025,132.4325,70.97,32,51,11.14,broken clouds
484,Namibe,AO,2021-08-01 22:44:45,-15.1961,12.1522,68.94,83,66,1.72,broken clouds
485,Octeville,FR,2021-08-01 22:44:45,49.6261,-1.6435,60.93,94,24,6.91,few clouds
486,Te Anau,NZ,2021-08-01 22:33:09,-45.4167,167.7167,45.88,89,99,1.61,moderate rain
487,Saldanha,ZA,2021-08-01 22:35:48,-33.0117,17.9442,46.45,86,59,8.37,broken clouds
488,Middletown,US,2021-08-01 22:44:45,39.5151,-84.3983,80.01,50,1,10.36,clear sky
489,Guerrero Negro,MX,2021-08-01 22:44:46,27.9769,-114.0611,82.81,55,3,13.51,clear sky
490,Lashio,MM,2021-08-01 22:38:01,22.9333,97.75,69.44,100,100,1.32,overcast clouds
491,Sibolga,ID,2021-08-01 22:32:13,1.7427,98.7792,74.71,87,100,2.08,overcast clouds
492,Hambantota,LK,2021-08-01 22:37:27,6.1241,81.1185,79.05,82,100,15.5,overcast clouds
493,Muroto,JP,2021-08-01 22:44:46,33.2833,134.15,80.64,79,83,6.93,broken clouds
494,Shimoda,JP,2021-08-01 22:44:47,34.6667,138.95,86.11,71,4,4.12,clear sky
495,Lesnoy,RU,2021-08-01 22:42:04,57.6198,63.0784,56.8,93,10,7.09,clear sky
496,Moindou,NC,2021-08-01 22:44:47,-21.6924,165.677,69.75,50,17,10.07,few clouds
497,Camara De Lobos,PT,2021-08-01 22:44:47,32.6333,-16.9667,72.23,76,20,5.01,few clouds
498,Anan,JP,2021-08-01 22:44:48,33.9167,134.65,81.27,77,63,10.02,broken clouds
499,Otradnoye,RU,2021-08-01 22:44:48,59.7775,30.8181,62.56,95,40,4.9,scattered clouds
500,Zhuhai,CN,2021-08-01 22:44:48,22.2769,113.5678,85.05,89,20,1.14,few clouds
501,San Juan Del Cesar,CO,2021-08-01 22:44:49,10.7711,-73.0031,76.12,95,66,4.79,broken clouds
502,Shelburne,CA,2021-08-01 22:36:21,44.0787,-80.2041,65.75,84,92,12.41,moderate rain
503,Hammerfest,NO,2021-08-01 22:44:49,70.6634,23.6821,45.05,81,75,3.44,broken clouds
504,Petrolina,BR,2021-08-01 22:44:49,-9.3986,-40.5008,75.25,57,20,9.22,few clouds
505,Aykino,RU,2021-08-01 22:44:50,62.2248,49.9922,54.03,96,63,4.72,broken clouds
506,Acari,PE,2021-08-01 22:44:50,-15.4311,-74.6158,68.05,68,10,4.41,clear sky
507,Krasnorechenskiy,RU,2021-08-01 22:44:50,44.6265,135.3532,68.13,82,100,2.08,overcast clouds
508,Jacareacanga,BR,2021-08-01 22:44:51,-6.2222,-57.7528,83.14,36,32,2.24,scattered clouds
509,Paita,PE,2021-08-01 22:44:51,-5.0892,-81.1144,67.46,77,0,19.44,clear sky
510,Caarapo,BR,2021-08-01 22:44:51,-22.6342,-54.8222,59.29,67,59,5.06,broken clouds
511,Bossangoa,CF,2021-08-01 22:44:52,6.4926,17.4552,68.29,95,100,2.8,overcast clouds
512,Richards Bay,ZA,2021-08-01 22:43:03,-28.783,32.0377,62.35,55,5,4.05,clear sky
513,Sinnamary,GF,2021-08-01 22:44:52,5.3833,-52.95,79.34,80,54,7.83,broken clouds
514,Shahrud,IR,2021-08-01 22:44:52,36.4182,54.9763,68.72,46,31,7.23,scattered clouds
515,Ambon,ID,2021-08-01 22:40:34,-3.6954,128.1814,79.86,83,30,5.93,scattered clouds
516,Hurghada,EG,2021-08-01 22:40:06,27.2574,33.8129,87.84,55,0,0.0,clear sky
517,Batangafo,CF,2021-08-01 22:44:53,7.3008,18.2833,69.57,97,100,2.75,overcast clouds
518,Novopavlovka,RU,2021-08-01 22:44:53,51.2172,109.2091,58.91,80,87,1.52,overcast clouds
519,Marawi,PH,2021-08-01 22:44:53,7.9986,124.2928,69.66,91,100,4.41,overcast clouds
520,Keshorai Patan,IN,2021-08-01 22:44:54,25.3,75.9333,75.0,97,100,10.85,very heavy rain
521,Naroda,IN,2021-08-01 22:44:54,23.0833,72.6667,78.76,89,75,10.36,haze
522,Ngunguru,NZ,2021-08-01 22:35:54,-35.6167,174.5,62.17,79,32,9.19,scattered clouds
523,Viedma,AR,2021-08-01 22:38:09,-40.8135,-62.9967,51.94,47,1,15.84,clear sky
524,Kropotkin,RU,2021-08-01 22:37:32,45.4375,40.5756,76.06,42,50,5.99,scattered clouds
525,Omsukchan,RU,2021-08-01 22:37:01,62.5333,155.8,34.45,100,100,8.81,light rain
526,Samarai,PG,2021-08-01 22:44:55,-10.6167,150.6667,78.06,63,90,7.94,overcast clouds
527,Dubbo,AU,2021-08-01 22:40:16,-32.25,148.6167,41.13,93,0,10.36,clear sky
528,Biak,ID,2021-08-01 22:43:33,-0.9131,122.8766,76.53,81,26,6.53,scattered clouds
529,Karlovy Vary,CZ,2021-08-01 22:44:55,50.2327,12.8712,59.18,92,20,2.3,few clouds
530,Barreirinhas,BR,2021-08-01 22:44:55,-2.7469,-42.8264,76.59,77,98,6.49,overcast clouds
531,Isabela,PH,2021-08-01 22:44:56,6.7085,121.9711,80.65,84,100,3.94,overcast clouds
532,Thoen,TH,2021-08-01 22:44:56,17.6129,99.2161,75.97,92,100,2.33,overcast clouds
533,Anito,PH,2021-08-01 22:44:56,12.4497,125.2886,83.55,76,100,9.24,overcast clouds
534,Llangefni,GB,2021-08-01 22:44:56,53.2556,-4.3106,56.73,90,20,2.3,few clouds
535,Huangchuan,CN,2021-08-01 22:44:57,32.1272,115.0394,79.83,89,59,5.12,broken clouds
536,Mount Isa,AU,2021-08-01 22:37:03,-20.7333,139.5,64.17,52,12,0.0,few clouds
537,Kargopol,RU,2021-08-01 22:44:57,61.5071,38.9456,54.7,99,73,5.06,broken clouds
538,Puerto Padre,CU,2021-08-01 22:44:57,21.195,-76.6028,90.61,80,27,11.39,scattered clouds
539,Rio Verde De Mato Grosso,BR,2021-08-01 22:44:58,-18.9181,-54.8442,73.56,33,11,6.93,few clouds
540,Catia La Mar,VE,2021-08-01 22:44:58,10.6038,-67.0303,89.8,62,55,9.22,broken clouds
541,Najran,SA,2021-08-01 22:44:58,17.4924,44.1277,86.65,41,100,10.18,overcast clouds
542,Lerwick,GB,2021-08-01 22:43:38,60.1545,-1.1494,50.0,80,100,13.06,overcast clouds
543,Puerto Escondido,MX,2021-08-01 22:44:59,15.85,-97.0667,92.23,55,75,4.61,broken clouds
544,Cabo San Lucas,MX,2021-08-01 22:32:21,22.8909,-109.9124,93.61,68,20,5.01,few clouds
545,Vanimo,PG,2021-08-01 22:44:59,-2.6741,141.3028,80.02,83,26,4.99,scattered clouds
546,Sur,OM,2021-08-01 22:45:00,22.5667,59.5289,90.66,53,100,12.75,overcast clouds
547,Cockburn Town,TC,2021-08-01 22:35:11,21.4612,-71.1419,85.96,66,40,13.8,scattered clouds
548,Vung Tau,VN,2021-08-01 22:45:00,10.346,107.0843,80.17,84,98,15.88,overcast clouds
549,A Coruna,ES,2021-08-01 22:45:00,43.3713,-8.396,64.89,89,20,5.99,few clouds
550,Mala,PE,2021-08-01 22:45:01,-12.6581,-76.6308,64.98,81,29,6.69,scattered clouds
551,Kulykiv,UA,2021-08-01 22:45:01,50.3142,24.8176,63.68,79,75,10.6,broken clouds
552,Rio Gallegos,AR,2021-08-01 22:44:44,-51.6226,-69.2181,46.45,61,0,16.11,clear sky
553,Phuket,TH,2021-08-01 22:45:01,8.0,98.25,84.09,83,40,14.97,scattered clouds
554,Porto Velho,BR,2021-08-01 22:43:58,-8.7619,-63.9039,91.45,27,0,6.91,clear sky
555,Huambo,AO,2021-08-01 22:45:02,-12.7761,15.7392,56.84,31,1,1.86,clear sky
556,Tondano,ID,2021-08-01 22:45:03,1.3038,124.9112,68.09,89,96,3.13,overcast clouds
557,Erzurum,TR,2021-08-01 22:45:03,40.0,41.5,58.68,73,100,3.4,overcast clouds
558,Kedrovyy,RU,2021-08-01 22:45:03,56.1667,91.8167,52.21,93,13,4.03,few clouds
559,Yulara,AU,2021-08-01 22:37:55,-25.2406,130.9889,48.04,53,0,5.75,clear sky
560,Odweyne,SO,2021-08-01 22:45:04,9.4092,45.064,72.14,54,11,17.45,few clouds
561,Yaring,TH,2021-08-01 22:45:04,6.8662,101.3689,78.24,86,96,7.76,overcast clouds
562,Moerai,PF,2021-08-01 22:45:04,-22.4333,-151.3333,74.46,76,95,20.04,overcast clouds
563,Sistranda,NO,2021-08-01 22:37:48,63.7256,8.834,50.9,69,100,12.15,overcast clouds
564,Broken Hill,AU,2021-08-01 22:38:10,-31.95,141.4333,46.11,87,0,12.66,clear sky
565,Taoudenni,ML,2021-08-01 22:45:05,22.6783,-3.9836,99.52,26,89,16.73,overcast clouds
566,Faaborg,DK,2021-08-01 22:45:05,55.0951,10.2423,57.2,80,6,13.0,clear sky
567,Cayenne,GF,2021-08-01 22:36:32,4.9333,-52.3333,83.08,79,0,1.01,clear sky
568,Charagua,BO,2021-08-01 22:45:06,-19.8,-63.2167,67.57,32,100,0.94,overcast clouds
569,Sharjah,AE,2021-08-01 22:45:06,25.3573,55.4033,92.25,49,0,4.61,clear sky
570,Mutum,BR,2021-08-01 22:45:06,-19.8,-41.4383,59.59,64,7,4.54,clear sky
571,Guarda,PT,2021-08-01 22:42:31,40.5373,-7.2658,57.24,96,26,3.96,scattered clouds
572,Dali,CN,2021-08-01 22:45:06,25.7,100.1833,60.3,86,24,1.99,few clouds
573,Sorkjosen,NO,2021-08-01 22:45:07,69.8,20.9333,42.6,85,37,3.56,scattered clouds
574,Fairview,US,2021-08-01 22:45:07,40.8126,-73.999,75.42,71,75,0.0,broken clouds
575,Ketchikan,US,2021-08-01 22:45:07,55.3422,-131.6461,70.27,64,20,11.5,few clouds
576,Dwarka,IN,2021-08-01 22:37:34,22.2394,68.9678,81.18,83,100,22.59,overcast clouds
577,Ostrovnoy,RU,2021-08-01 22:36:00,68.0531,39.5131,48.74,89,26,8.61,scattered clouds
578,Tiznit,MA,2021-08-01 22:45:08,29.5833,-9.5,70.83,50,0,3.56,clear sky
579,Sao Sebastiao,BR,2021-08-01 22:45:08,-23.76,-45.4097,62.87,83,72,8.3,broken clouds
580,Vanavara,RU,2021-08-01 22:45:08,60.34,102.2797,59.18,61,41,4.21,scattered clouds
581,Yabrud,SY,2021-08-01 22:45:09,33.9674,36.6574,67.66,35,0,3.38,clear sky
582,Nalut,LY,2021-08-01 22:37:49,30.3333,10.85,90.21,13,7,11.32,clear sky
583,Pese,PA,2021-08-01 22:45:09,7.9,-80.6167,81.07,83,100,1.52,overcast clouds
584,San Vicente,AR,2021-08-01 22:35:44,-26.6167,-54.1333,50.41,72,8,2.37,clear sky
585,Faya,SA,2021-08-01 22:40:42,18.3851,42.4509,66.31,68,98,3.62,overcast clouds
586,Salta,AR,2021-08-01 22:45:10,-24.7859,-65.4117,57.79,33,0,6.91,clear sky
587,Bonavista,CA,2021-08-01 22:37:56,48.6499,-53.1147,66.2,75,77,19.62,broken clouds
588,Guthrie,US,2021-08-01 22:45:10,35.8789,-97.4253,85.53,59,97,14.97,haze
589,Griffith,US,2021-08-01 22:32:10,41.5284,-87.4237,76.89,63,1,1.01,clear sky
590,Quelimane,MZ,2021-08-01 22:45:10,-17.8786,36.8883,64.35,88,0,1.99,clear sky
591,Tadine,NC,2021-08-01 22:45:11,-21.55,167.8833,68.88,56,53,10.74,broken clouds
592,Ordubad,AZ,2021-08-01 22:45:11,38.9059,46.0234,69.89,77,100,7.38,overcast clouds
593,Ihosy,MG,2021-08-01 22:37:54,-22.4,46.1167,57.47,88,79,6.08,broken clouds
594,Buchanan,LR,2021-08-01 22:35:42,5.8808,-10.0467,76.46,78,80,7.4,broken clouds
595,Port-Gentil,GA,2021-08-01 22:45:12,-0.7193,8.7815,75.16,94,75,10.36,light rain
596,Samana,DO,2021-08-01 22:45:12,19.2056,-69.3369,80.19,81,84,8.88,broken clouds
597,Camana,PE,2021-08-01 22:35:52,-16.6228,-72.7111,63.1,83,27,7.87,scattered clouds
598,Kautokeino,NO,2021-08-01 22:37:17,69.0125,23.0412,35.28,90,45,4.16,scattered clouds
599,Smidovich,RU,2021-08-01 22:45:12,48.6,133.8167,65.35,72,100,11.45,overcast clouds
600,Longhua,CN,2021-08-01 22:45:13,23.6137,114.1919,79.77,94,82,0.54,broken clouds
601,Mpika,ZM,2021-08-01 22:45:13,-11.8343,31.4529,51.42,91,47,4.38,scattered clouds
602,Zhanaozen,KZ,2021-08-01 22:41:13,43.3,52.8,82.99,16,0,1.7,clear sky
603,Ayagoz,KZ,2021-08-01 22:45:13,47.9714,80.4392,62.22,40,0,3.18,clear sky
604,Poronaysk,RU,2021-08-01 22:45:14,49.2167,143.1167,61.5,72,12,6.53,few clouds
605,Albanel,CA,2021-08-01 22:45:14,48.8832,-72.4487,71.58,46,91,8.05,overcast clouds
606,Lata,PT,2021-08-01 22:45:14,40.1629,-8.3327,67.05,99,94,0.4,overcast clouds
607,San Luis,AR,2021-08-01 22:45:14,-33.295,-66.3356,53.29,29,0,4.07,clear sky
608,Kamiiso,JP,2021-08-01 22:45:15,41.8167,140.65,73.78,94,75,1.14,broken clouds
609,Havre-Saint-Pierre,CA,2021-08-01 22:37:32,50.2334,-63.5986,59.36,82,75,13.8,broken clouds
610,Eston,CA,2021-08-01 22:45:15,51.1501,-108.7514,95.13,18,76,9.19,broken clouds
611,Port Lincoln,AU,2021-08-01 22:40:22,-34.7333,135.8667,51.69,68,34,25.5,scattered clouds
612,Vila Franca Do Campo,PT,2021-08-01 22:35:41,37.7167,-25.4333,72.01,95,89,8.72,overcast clouds
613,San Rafael,AR,2021-08-01 22:40:36,-34.6177,-68.3301,55.62,32,10,10.49,clear sky
614,Kashi,CN,2021-08-01 22:45:16,39.4547,75.9797,74.41,43,75,4.47,broken clouds
615,Atherton,GB,2021-08-01 22:45:16,53.5237,-2.4935,59.9,75,62,4.0,broken clouds
616,Kathmandu,NP,2021-08-01 22:45:16,27.7167,85.3167,67.91,94,79,2.95,broken clouds
617,Boulder,US,2021-08-01 22:42:29,40.0833,-105.3505,80.44,42,1,4.0,clear sky
618,Matagami,CA,2021-08-01 22:45:17,49.7502,-77.6328,62.71,59,40,10.36,scattered clouds
619,Beatrice,US,2021-08-01 22:45:17,40.2681,-96.747,84.72,44,1,4.61,clear sky
620,Moron,AR,2021-08-01 22:42:02,-34.6534,-58.6198,53.98,75,0,3.31,clear sky
621,Maragogi,BR,2021-08-01 22:45:18,-9.0122,-35.2225,73.94,78,15,14.36,few clouds
622,Simao,CN,2021-08-01 22:45:18,22.7886,100.9748,62.89,98,35,1.54,scattered clouds
623,The Valley,AI,2021-08-01 22:37:47,18.217,-63.0578,85.86,74,40,10.36,scattered clouds
624,Staraya Poltavka,RU,2021-08-01 22:45:18,50.4772,46.4814,75.92,45,0,9.89,clear sky
625,Amalfi,CO,2021-08-01 22:45:18,6.9102,-75.0776,66.65,76,55,1.19,broken clouds
626,Maungaturoto,NZ,2021-08-01 22:45:19,-36.1,174.3667,58.68,84,53,9.17,broken clouds
627,San Juan De Los Morros,VE,2021-08-01 22:45:19,9.9115,-67.3538,80.62,96,75,3.2,broken clouds
628,Opunake,NZ,2021-08-01 22:45:19,-39.4556,173.8583,54.34,85,100,7.07,overcast clouds
629,Salmas,IR,2021-08-01 22:45:20,38.1973,44.7653,65.39,78,70,3.22,broken clouds
630,Waitati,NZ,2021-08-01 22:45:20,-45.75,170.5667,49.8,79,97,9.4,overcast clouds
631,Anadyr,RU,2021-08-01 22:45:20,64.75,177.4833,48.7,76,40,6.71,scattered clouds
632,Russell,US,2021-08-01 22:45:21,32.3502,-85.1999,94.28,61,20,9.22,few clouds
633,Ahipara,NZ,2021-08-01 22:37:59,-35.1667,173.1667,56.97,73,69,9.6,broken clouds
634,Talagang,PK,2021-08-01 22:45:21,32.9297,72.4158,87.89,57,43,9.78,scattered clouds
635,Kaeo,NZ,2021-08-01 22:37:54,-35.1,173.7833,62.33,78,36,10.09,scattered clouds
636,Pozega,HR,2021-08-01 22:45:21,45.3403,17.6853,73.02,78,63,2.98,broken clouds
637,Matehuala,MX,2021-08-01 22:45:22,23.65,-100.65,81.36,36,21,14.18,few clouds
638,San Juan De La Vega,MX,2021-08-01 22:45:22,20.6333,-100.7667,77.43,47,41,11.39,light rain
639,Tambo,PE,2021-08-01 22:45:22,-14.8,-73.9167,39.56,53,68,3.02,broken clouds
640,Asau,RO,2021-08-01 22:43:28,46.4333,26.4,73.76,87,5,5.59,light rain
641,Ouesso,CG,2021-08-01 22:45:23,1.6136,16.0517,72.59,91,98,2.57,overcast clouds
642,Rovaniemi,FI,2021-08-01 22:37:41,66.5,25.7167,54.81,94,75,5.75,broken clouds
643,Christchurch,NZ,2021-08-01 22:45:23,-43.5333,172.6333,53.91,83,75,8.99,broken clouds
644,Zyryanka,RU,2021-08-01 22:42:08,65.75,150.85,46.71,56,24,13.98,few clouds
645,Jiamusi,CN,2021-08-01 22:45:23,46.8333,130.35,76.55,79,64,3.22,broken clouds
646,Magan,ES,2021-08-01 22:45:24,39.9683,-3.931,77.29,31,51,6.13,broken clouds
647,Naujamiestis,LT,2021-08-01 22:45:24,55.6869,24.1523,63.97,96,100,2.66,light rain
648,Madison,US,2021-08-01 22:45:02,34.7334,-86.5667,83.88,72,20,1.01,few clouds
649,Mayumba,GA,2021-08-01 22:45:24,-3.432,10.6554,73.81,85,97,7.58,overcast clouds
650,Bauru,BR,2021-08-01 22:44:34,-22.3147,-49.0606,67.14,52,0,3.44,clear sky
651,Trenggalek,ID,2021-08-01 22:45:25,-8.05,111.7167,73.9,94,83,4.79,broken clouds
652,Bathurst,AU,2021-08-01 22:45:25,-33.4166,149.5806,45.84,85,1,3.49,clear sky
653,Xianyang,CN,2021-08-01 22:45:25,34.3378,108.7026,79.84,78,92,6.71,overcast clouds
654,Pangoa,PE,2021-08-01 22:45:26,-12.1167,-73.0,70.07,65,28,3.29,scattered clouds
